timestamp,location_id,latitude,longitude,aqi,pm2_5,pm10,no2,so2,o3,co,temperature,humidity,wind_speed,wind_deg,pressure,cloud_coverage,rainfall
2026-01-14 19:06:34,CHEMBUR,19.051,72.894,5,101.59,126.52,3.85,24.85,147.3,382.26,298.13,50,4.12,360,1014,0,0.0
2026-01-14 19:06:34,ANDHERI_E,19.1136,72.8697,5,101.59,126.52,3.85,24.85,147.3,382.26,298.09,50,4.12,360,1014,0,0.0
2026-01-14 19:06:34,POWAI,19.1197,72.9051,5,101.59,126.52,3.85,24.85,147.3,382.26,297.97,50,4.12,360,1014,0,0.0
2026-01-14 19:06:34,DADAR,19.0176,72.8562,5,101.59,126.52,3.85,24.85,147.3,382.26,298.13,50,4.12,360,1014,0,0.0
2026-01-14 19:06:34,COLABA,18.9067,72.8147,5,108.15,135.32,3.12,24.16,152.97,381.8,298.14,60,6.12,348,1014,0,0.0
2026-01-14 19:06:34,BORIVALI_W,19.2307,72.8567,5,100.4,124.08,4.78,26.64,144.94,392.27,298.09,50,4.12,360,1015,0,0.0
2026-01-14 19:06:34,MULUND_E,19.1726,72.957,5,101.59,126.52,3.85,24.85,147.3,382.26,298.11,50,4.12,360,1015,0,0.0
2026-01-14 19:06:34,ULHASNAGAR,19.216,73.151,5,118.17,147.37,8.34,34.22,135.11,512.81,295.3,44,1.55,1,1015,0,0.0
2026-01-14 19:31:39,CHEMBUR,19.051,72.894,5,94.55,118.51,4.09,24.84,140.11,374.68,298.13,47,2.06,30,1014,0,0.0
2026-01-14 19:31:39,ANDHERI_E,19.1136,72.8697,5,94.55,118.51,4.09,24.84,140.11,374.68,298.09,47,2.06,30,1014,0,0.0
2026-01-14 19:31:39,POWAI,19.1197,72.9051,5,94.55,118.51,4.09,24.84,140.11,374.68,297.97,47,2.06,30,1014,0,0.0
2026-01-14 19:31:39,DADAR,19.0176,72.8562,5,94.55,118.51,4.09,24.84,140.11,374.68,298.13,47,2.06,30,1014,0,0.0
2026-01-14 19:31:39,COLABA,18.9067,72.8147,5,99.42,125.83,3.37,23.92,144.62,371.97,298.14,56,5.68,356,1014,0,0.0
2026-01-14 19:31:39,BORIVALI_W,19.2307,72.8567,5,100.4,124.08,4.78,26.64,144.94,392.27,298.09,47,2.06,30,1014,0,0.0
2026-01-14 19:31:39,MULUND_E,19.1726,72.957,5,94.55,118.51,4.09,24.84,140.11,374.68,298.11,47,2.06,30,1014,0,0.0
2026-01-14 19:31:39,ULHASNAGAR,19.216,73.151,5,110.74,138.33,8.33,34.4,128.97,491.49,294.55,44,1.58,18,1014,0,0.0
2026-01-14 19:45:20,CHEMBUR,19.051,72.894,5,94.55,118.51,4.09,24.84,140.11,374.68,297.13,50,1.54,20,1014,0,0.0
2026-01-14 19:45:20,ANDHERI_E,19.1136,72.8697,5,94.55,118.51,4.09,24.84,140.11,374.68,297.09,50,1.54,20,1014,0,0.0
2026-01-14 19:45:20,POWAI,19.1197,72.9051,5,94.55,118.51,4.09,24.84,140.11,374.68,296.97,50,1.54,20,1014,0,0.0
2026-01-14 19:45:20,DADAR,19.0176,72.8562,5,94.55,118.51,4.09,24.84,140.11,374.68,297.13,50,1.54,20,1014,0,0.0
2026-01-14 19:45:20,COLABA,18.9067,72.8147,5,99.42,125.83,3.37,23.92,144.62,371.97,297.14,56,5.68,356,1014,0,0.0
2026-01-14 19:45:20,BORIVALI_W,19.2307,72.8567,5,94.1,116.82,4.87,27,138.27,382.22,297.09,50,1.54,20,1014,0,0.0
2026-01-14 19:45:20,MULUND_E,19.1726,72.957,5,94.55,118.51,4.09,24.84,140.11,374.68,298.11,47,2.06,30,1014,0,0.0
2026-01-14 19:45:20,ULHASNAGAR,19.216,73.151,5,110.74,138.33,8.33,34.4,128.97,491.49,294.55,44,1.58,18,1014,0,0.0
2026-01-14 20:11:18,CHEMBUR,19.051,72.894,5,94.55,118.51,4.09,24.84,140.11,374.68,297.13,50,1.54,20,1014,0,0.0
2026-01-14 20:11:18,ANDHERI_E,19.1136,72.8697,5,94.55,118.51,4.09,24.84,140.11,374.68,297.09,50,1.54,20,1014,0,0.0
2026-01-14 20:11:18,POWAI,19.1197,72.9051,5,94.55,118.51,4.09,24.84,140.11,374.68,296.97,50,1.54,20,1014,0,0.0
2026-01-14 20:11:18,DADAR,19.0176,72.8562,5,94.55,118.51,4.09,24.84,140.11,374.68,297.13,50,1.54,20,1014,0,0.0
2026-01-14 20:11:18,COLABA,18.9067,72.8147,5,99.42,125.83,3.37,23.92,144.62,371.97,297.14,56,5.68,356,1014,0,0.0
2026-01-14 20:11:18,BORIVALI_W,19.2307,72.8567,5,94.1,116.82,4.87,27,138.27,382.22,297.09,50,1.54,20,1014,0,0.0
2026-01-14 20:11:18,MULUND_E,19.1726,72.957,5,94.55,118.51,4.09,24.84,140.11,374.68,297.11,50,1.54,20,1014,0,0.0
2026-01-14 20:11:18,ULHASNAGAR,19.216,73.151,5,110.74,138.33,8.33,34.4,128.97,491.49,294.55,44,1.58,18,1014,0,0.0
2026-01-14 20:35:32,CHEMBUR,19.051,72.894,5,90.48,113.94,4.4,26.17,133.39,374.89,297.13,50,1.54,20,1013,0,0.0
2026-01-14 20:35:32,ANDHERI_E,19.1136,72.8697,5,90.48,113.94,4.4,26.17,133.39,374.89,297.09,50,1.54,20,1013,0,0.0
2026-01-14 20:35:32,POWAI,19.1197,72.9051,5,90.48,113.94,4.4,26.17,133.39,374.89,296.97,50,1.54,20,1013,0,0.0
2026-01-14 20:35:32,DADAR,19.0176,72.8562,5,90.48,113.94,4.4,26.17,133.39,374.89,297.13,50,1.54,20,1013,0,0.0
2026-01-14 20:35:32,COLABA,18.9067,72.8147,5,93.86,119.78,3.71,24.8,136.73,372.88,297.14,53,5.76,4,1013,0,0.0
2026-01-14 20:35:32,BORIVALI_W,19.2307,72.8567,5,90.68,112.93,5.1,28.68,131.9,381.16,297.09,50,1.54,20,1013,0,0.0
2026-01-14 20:35:32,MULUND_E,19.1726,72.957,5,90.48,113.94,4.4,26.17,133.39,374.89,297.11,50,1.54,20,1013,0,0.0
2026-01-14 20:35:32,ULHASNAGAR,19.216,73.151,5,105.56,131.4,8.34,34.98,123.74,474.31,294.03,44,1.76,22,1014,0,0.0
2026-01-14 20:49:12,CHEMBUR,19.051,72.894,5,90.48,113.94,4.4,26.17,133.39,374.89,297.14,45,3.95,16,1013,0,0.0
2026-01-14 20:49:12,ANDHERI_E,19.1136,72.8697,5,90.48,113.94,4.4,26.17,133.39,374.89,297.27,43,4.09,13,1013,0,0.0
2026-01-14 20:49:12,POWAI,19.1197,72.9051,5,90.48,113.94,4.4,26.17,133.39,374.89,297,43,3.7,16,1013,0,0.0
2026-01-14 20:49:12,DADAR,19.0176,72.8562,5,90.48,113.94,4.4,26.17,133.39,374.89,297.36,47,4.45,12,1013,0,0.0
2026-01-14 20:49:12,COLABA,18.9067,72.8147,5,93.86,119.78,3.71,24.8,136.73,372.88,297.89,53,5.76,4,1013,0,0.0
2026-01-14 20:49:12,BORIVALI_W,19.2307,72.8567,5,90.68,112.93,5.1,28.68,131.9,381.16,296.69,40,3.37,14,1013,0,0.0
2026-01-14 20:49:12,MULUND_E,19.1726,72.957,5,90.48,113.94,4.4,26.17,133.39,374.89,296.1,40,2.74,21,1013,0,0.0
2026-01-14 20:49:12,ULHASNAGAR,19.216,73.151,5,105.56,131.4,8.34,34.98,123.74,474.31,294.03,44,1.76,22,1014,0,0.0
2026-01-14 21:11:47,CHEMBUR,19.051,72.894,5,90.48,113.94,4.4,26.17,133.39,374.89,297.13,50,0,0,1013,0,0.0
2026-01-14 21:11:47,ANDHERI_E,19.1136,72.8697,5,90.48,113.94,4.4,26.17,133.39,374.89,297.09,50,0,0,1013,0,0.0
2026-01-14 21:11:47,POWAI,19.1197,72.9051,5,90.48,113.94,4.4,26.17,133.39,374.89,296.97,50,0,0,1013,0,0.0
2026-01-14 21:11:47,DADAR,19.0176,72.8562,5,90.48,113.94,4.4,26.17,133.39,374.89,297.13,50,0,0,1013,0,0.0
2026-01-14 21:11:47,COLABA,18.9067,72.8147,5,93.86,119.78,3.71,24.8,136.73,372.88,297.14,53,5.76,4,1013,0,0.0
2026-01-14 21:11:47,BORIVALI_W,19.2307,72.8567,5,90.68,112.93,5.1,28.68,131.9,381.16,297.09,50,0,0,1013,0,0.0
2026-01-14 21:11:47,MULUND_E,19.1726,72.957,5,90.48,113.94,4.4,26.17,133.39,374.89,297.11,50,0,0,1013,0,0.0
2026-01-14 21:11:47,ULHASNAGAR,19.216,73.151,5,105.56,131.4,8.34,34.98,123.74,474.31,294.03,44,1.76,22,1014,0,0.0
2026-01-14 21:35:10,CHEMBUR,19.051,72.894,5,87.62,110.58,4.55,27.89,128.08,373.83,297.13,50,0,0,1013,0,0.0
2026-01-14 21:35:10,ANDHERI_E,19.1136,72.8697,5,87.62,110.58,4.55,27.89,128.08,373.83,297.09,50,0,0,1013,0,0.0
2026-01-14 21:35:10,POWAI,19.1197,72.9051,5,87.62,110.58,4.55,27.89,128.08,373.83,296.97,50,0,0,1013,0,0.0
2026-01-14 21:35:10,DADAR,19.0176,72.8562,5,87.62,110.58,4.55,27.89,128.08,373.83,297.13,50,0,0,1013,0,0.0
2026-01-14 21:35:10,COLABA,18.9067,72.8147,5,89.45,114.54,3.94,25.98,130,372.61,297.14,50,5.48,13,1013,0,0.0
2026-01-14 21:35:10,BORIVALI_W,19.2307,72.8567,5,88.5,110.38,5.24,30.4,127.03,380.95,297.09,50,0,0,1013,1,0.0
2026-01-14 21:35:10,MULUND_E,19.1726,72.957,5,87.62,110.58,4.55,27.89,128.08,373.83,297.11,50,0,0,1013,0,0.0
2026-01-14 21:35:10,ULHASNAGAR,19.216,73.151,5,101.01,124.81,8.17,35.17,120.67,455.1,293.41,45,1.42,46,1013,0,0.0
2026-01-14 21:48:18,CHEMBUR,19.051,72.894,5,87.62,110.58,4.55,27.89,128.08,373.83,296.13,53,2.06,10,1013,0,0.0
2026-01-14 21:48:18,ANDHERI_E,19.1136,72.8697,5,87.62,110.58,4.55,27.89,128.08,373.83,296.09,53,2.06,10,1013,0,0.0
2026-01-14 21:48:18,POWAI,19.1197,72.9051,5,87.62,110.58,4.55,27.89,128.08,373.83,295.97,53,2.06,10,1013,0,0.0
2026-01-14 21:48:18,DADAR,19.0176,72.8562,5,87.62,110.58,4.55,27.89,128.08,373.83,296.13,53,2.06,10,1013,0,0.0
2026-01-14 21:48:18,COLABA,18.9067,72.8147,5,89.45,114.54,3.94,25.98,130,372.61,296.14,50,5.48,13,1013,0,0.0
2026-01-14 21:48:18,BORIVALI_W,19.2307,72.8567,5,88.5,110.38,5.24,30.4,127.03,380.95,296.09,53,2.06,10,1013,1,0.0
2026-01-14 21:48:18,MULUND_E,19.1726,72.957,5,87.62,110.58,4.55,27.89,128.08,373.83,296.11,53,2.06,10,1013,0,0.0
2026-01-14 21:48:18,ULHASNAGAR,19.216,73.151,5,101.01,124.81,8.17,35.17,120.67,455.1,293.41,45,1.42,46,1013,0,0.0
2026-01-14 22:12:24,CHEMBUR,19.051,72.894,5,87.62,110.58,4.55,27.89,128.08,373.83,296.13,56,0,0,1013,0,0.0
2026-01-14 22:12:24,ANDHERI_E,19.1136,72.8697,5,87.62,110.58,4.55,27.89,128.08,373.83,296.09,56,0,0,1013,0,0.0
2026-01-14 22:12:24,POWAI,19.1197,72.9051,5,87.62,110.58,4.55,27.89,128.08,373.83,295.97,56,0,0,1013,0,0.0
2026-01-14 22:12:24,DADAR,19.0176,72.8562,5,87.62,110.58,4.55,27.89,128.08,373.83,296.13,56,0,0,1013,0,0.0
2026-01-14 22:12:24,COLABA,18.9067,72.8147,5,89.45,114.54,3.94,25.98,130,372.61,296.14,50,5.48,13,1013,0,0.0
2026-01-14 22:12:24,BORIVALI_W,19.2307,72.8567,5,88.5,110.38,5.24,30.4,127.03,380.95,296.09,56,0,0,1013,1,0.0
2026-01-14 22:12:24,MULUND_E,19.1726,72.957,5,87.62,110.58,4.55,27.89,128.08,373.83,296.11,56,0,0,1013,0,0.0
2026-01-14 22:12:24,ULHASNAGAR,19.216,73.151,5,101.01,124.81,8.17,35.17,120.67,455.1,293.41,45,1.42,46,1013,0,0.0
2026-01-14 22:40:37,CHEMBUR,19.051,72.894,5,85.16,107.46,4.55,28.28,123.73,371.49,295.13,64,0,0,1013,0,0.0
2026-01-14 22:40:37,ANDHERI_E,19.1136,72.8697,5,85.16,107.46,4.55,28.28,123.73,371.49,295.09,64,0,0,1013,0,0.0
2026-01-14 22:40:37,POWAI,19.1197,72.9051,5,85.16,107.46,4.55,28.28,123.73,371.49,294.97,64,0,0,1013,0,0.0
2026-01-14 22:40:37,DADAR,19.0176,72.8562,5,85.16,107.46,4.55,28.28,123.73,371.49,295.13,64,0,0,1013,0,0.0
2026-01-14 22:40:37,COLABA,18.9067,72.8147,5,85.56,109.62,3.97,26.2,124.52,368.81,295.14,48,4.95,19,1013,0,0.0
2026-01-14 22:40:37,BORIVALI_W,19.2307,72.8567,5,86.82,108.28,5.27,30.5,122.73,381.59,295.09,64,0,0,1013,1,0.0
2026-01-14 22:40:37,MULUND_E,19.1726,72.957,5,85.16,107.46,4.55,28.28,123.73,371.49,295.11,64,0,0,1013,0,0.0
2026-01-14 22:40:37,ULHASNAGAR,19.216,73.151,5,98.05,120.26,7.98,34.28,117.92,444.14,292.89,47,1.48,49,1013,0,0.0
2026-01-14 23:10:33,CHEMBUR,19.051,72.894,5,85.16,107.46,4.55,28.28,123.73,371.49,295.13,64,0,0,1013,0,0.0
2026-01-14 23:10:33,ANDHERI_E,19.1136,72.8697,5,85.16,107.46,4.55,28.28,123.73,371.49,295.09,64,0,0,1013,0,0.0
2026-01-14 23:10:33,POWAI,19.1197,72.9051,5,85.16,107.46,4.55,28.28,123.73,371.49,294.97,64,0,0,1013,0,0.0
2026-01-14 23:10:33,DADAR,19.0176,72.8562,5,85.16,107.46,4.55,28.28,123.73,371.49,295.13,64,0,0,1013,0,0.0
2026-01-14 23:10:33,COLABA,18.9067,72.8147,5,85.56,109.62,3.97,26.2,124.52,368.81,295.14,48,4.95,19,1013,0,0.0
2026-01-14 23:10:33,BORIVALI_W,19.2307,72.8567,5,86.82,108.28,5.27,30.5,122.73,381.59,295.09,64,0,0,1013,1,0.0
2026-01-14 23:10:33,MULUND_E,19.1726,72.957,5,85.16,107.46,4.55,28.28,123.73,371.49,295.11,64,0,0,1013,0,0.0
2026-01-14 23:10:33,ULHASNAGAR,19.216,73.151,5,98.05,120.26,7.98,34.28,117.92,444.14,292.89,47,1.48,49,1013,0,0.0
2026-01-14 23:29:00,CHEMBUR,19.051,72.894,5,85.16,107.46,4.55,28.28,123.73,371.49,295.13,64,0,0,1013,0,0.0
2026-01-14 23:29:00,ANDHERI_E,19.1136,72.8697,5,85.16,107.46,4.55,28.28,123.73,371.49,295.09,64,0,0,1013,0,0.0
2026-01-14 23:29:00,POWAI,19.1197,72.9051,5,85.16,107.46,4.55,28.28,123.73,371.49,294.97,64,0,0,1013,0,0.0
2026-01-14 23:29:00,DADAR,19.0176,72.8562,5,85.16,107.46,4.55,28.28,123.73,371.49,295.13,64,0,0,1013,0,0.0
2026-01-14 23:29:00,COLABA,18.9067,72.8147,5,85.56,109.62,3.97,26.2,124.52,368.81,295.14,48,4.95,19,1013,0,0.0
2026-01-14 23:29:00,BORIVALI_W,19.2307,72.8567,5,86.82,108.28,5.27,30.5,122.73,381.59,295.09,64,0,0,1013,1,0.0
2026-01-14 23:29:00,MULUND_E,19.1726,72.957,5,85.16,107.46,4.55,28.28,123.73,371.49,295.11,64,0,0,1013,0,0.0
2026-01-14 23:29:00,ULHASNAGAR,19.216,73.151,5,98.05,120.26,7.98,34.28,117.92,444.14,292.89,47,1.48,49,1013,0,0.0
2026-01-14 23:44:57,CHEMBUR,19.051,72.894,5,81.3,102.05,4.46,26.87,119.3,365.26,295.13,60,1.54,150,1013,0,0.0
2026-01-14 23:44:57,ANDHERI_E,19.1136,72.8697,5,81.3,102.05,4.46,26.87,119.3,365.26,295.09,60,1.54,150,1013,1,0.0
2026-01-14 23:44:57,POWAI,19.1197,72.9051,5,81.3,102.05,4.46,26.87,119.3,365.26,294.97,60,1.54,150,1013,0,0.0
2026-01-14 23:44:57,DADAR,19.0176,72.8562,5,81.3,102.05,4.46,26.87,119.3,365.26,295.13,60,1.54,150,1013,1,0.0
2026-01-14 23:44:57,COLABA,18.9067,72.8147,5,81.06,103.46,3.91,25.1,119.63,360.88,295.14,48,4.74,21,1013,1,0.0
2026-01-14 23:44:57,BORIVALI_W,19.2307,72.8567,5,83.77,103.96,5.26,28.96,118.61,378.8,295.09,60,1.54,150,1013,1,0.0
2026-01-14 23:44:57,MULUND_E,19.1726,72.957,5,81.3,102.05,4.46,26.87,119.3,365.26,295.11,60,1.54,150,1013,0,0.0
2026-01-14 23:44:57,ULHASNAGAR,19.216,73.151,5,95.07,115.59,7.87,32.66,115.07,436.6,292.48,47,1.44,40,1013,0,0.0
2026-01-15 00:52:56,CHEMBUR,19.051,72.894,4,73.04,90.29,4.47,25.58,113.99,340.71,295.13,56,2.06,150,1013,3,0.0
2026-01-15 00:52:56,ANDHERI_E,19.1136,72.8697,4,73.04,90.29,4.47,25.58,113.99,340.71,295.09,56,2.06,150,1013,1,0.0
2026-01-15 00:52:56,POWAI,19.1197,72.9051,4,73.04,90.29,4.47,25.58,113.99,340.71,294.97,56,2.06,150,1013,2,0.0
2026-01-15 00:52:56,DADAR,19.0176,72.8562,4,73.04,90.29,4.47,25.58,113.99,340.71,295.13,56,2.06,150,1013,3,0.0
2026-01-15 00:52:56,COLABA,18.9067,72.8147,4,73.37,92.46,3.91,24.07,114.31,339.15,295.14,47,4.3,29,1013,4,0.0
2026-01-15 00:52:56,BORIVALI_W,19.2307,72.8567,5,76.8,94.04,5.36,27.39,114.05,359.55,295.09,56,2.06,150,1014,0,0.0
2026-01-15 00:52:56,MULUND_E,19.1726,72.957,4,73.04,90.29,4.47,25.58,113.99,340.71,295.11,56,2.06,150,1014,2,0.0
2026-01-15 00:52:56,ULHASNAGAR,19.216,73.151,5,90.08,108.16,7.96,31.17,111.79,423.36,292.09,48,1.21,41,1014,2,0.0
2026-01-15 02:52:43,CHEMBUR,19.051,72.894,4,71.3,87.37,6.07,25.67,110.4,343.82,295.13,60,0,0,1016,1,0.0
2026-01-15 02:52:43,ANDHERI_E,19.1136,72.8697,4,71.3,87.37,6.07,25.67,110.4,343.82,295.09,60,0,0,1016,0,0.0
2026-01-15 02:52:43,POWAI,19.1197,72.9051,4,71.3,87.37,6.07,25.67,110.4,343.82,294.97,60,0,0,1016,1,0.0
2026-01-15 02:52:43,DADAR,19.0176,72.8562,4,71.3,87.37,6.07,25.67,110.4,343.82,295.13,60,0,0,1015,1,0.0
2026-01-15 02:52:43,COLABA,18.9067,72.8147,4,69.56,86.65,5.21,23.95,109.99,334.46,295.14,48,4.29,11,1015,1,0.0
2026-01-15 02:52:43,BORIVALI_W,19.2307,72.8567,4,74.19,89.94,7.08,27.03,111.11,363.27,292.04,72,0,0,1016,0,0.0
2026-01-15 02:52:43,MULUND_E,19.1726,72.957,4,71.3,87.37,6.07,25.67,110.4,343.82,295.11,60,0,0,1016,1,0.0
2026-01-15 02:52:43,ULHASNAGAR,19.216,73.151,5,85.21,101.74,10.34,30.89,109.17,420.61,294.26,40,1.33,27,1016,1,0.0
2026-01-15 03:59:55,CHEMBUR,19.051,72.894,4,70.81,85.97,6.88,25.23,113.42,345.04,297.13,53,1.54,170,1016,1,0.0
2026-01-15 03:59:55,ANDHERI_E,19.1136,72.8697,4,70.81,85.97,6.88,25.23,113.42,345.04,297.09,53,1.54,170,1016,0,0.0
2026-01-15 03:59:55,POWAI,19.1197,72.9051,4,70.81,85.97,6.88,25.23,113.42,345.04,296.97,53,1.54,170,1016,0,0.0
2026-01-15 03:59:55,DADAR,19.0176,72.8562,4,70.81,85.97,6.88,25.23,113.42,345.04,297.13,53,1.54,170,1016,1,0.0
2026-01-15 03:59:55,COLABA,18.9067,72.8147,4,68.7,84.77,5.94,23.48,112.57,333.78,297.14,46,4.21,10,1016,1,0.0
2026-01-15 03:59:55,BORIVALI_W,19.2307,72.8567,4,74.09,89.28,8.06,26.91,114.38,369.83,296.04,60,1.54,170,1016,0,0.0
2026-01-15 03:59:55,MULUND_E,19.1726,72.957,4,70.81,85.97,6.88,25.23,113.42,345.04,297.11,53,1.54,170,1016,0,0.0
2026-01-15 03:59:55,ULHASNAGAR,19.216,73.151,5,84.83,101.22,11.76,31.34,113.23,428.25,297.1,34,1.93,42,1016,0,0.0
2026-01-15 04:42:37,CHEMBUR,19.051,72.894,4,72.78,87.13,7.04,24.97,123.38,352.12,299.13,44,2.06,60,1016,1,0.0
2026-01-15 04:42:37,ANDHERI_E,19.1136,72.8697,4,72.78,87.13,7.04,24.97,123.38,352.12,299.09,44,2.06,60,1016,0,0.0
2026-01-15 04:42:37,POWAI,19.1197,72.9051,4,72.78,87.13,7.04,24.97,123.38,352.12,298.97,44,2.06,60,1016,0,0.0
2026-01-15 04:42:37,DADAR,19.0176,72.8562,4,72.78,87.13,7.04,24.97,123.38,352.12,299.13,44,2.06,60,1016,1,0.0
2026-01-15 04:42:37,COLABA,18.9067,72.8147,4,70.13,85.19,6.02,23.06,121.92,337.44,299.14,45,4.42,8,1016,1,0.0
2026-01-15 04:42:37,BORIVALI_W,19.2307,72.8567,5,77.27,92.18,8.25,27.2,124.49,383.35,299.04,53,2.06,60,1016,0,0.0
2026-01-15 04:42:37,MULUND_E,19.1726,72.957,4,72.78,87.13,7.04,24.97,123.38,352.12,299.11,44,2.06,60,1016,0,0.0
2026-01-15 04:42:37,ULHASNAGAR,19.216,73.151,5,88.85,105.81,12.17,32.48,124.77,446.39,299.74,29,2.15,30,1016,0,0.0
2026-01-15 05:17:53,CHEMBUR,19.051,72.894,4,72.78,87.13,7.04,24.97,123.38,352.12,300.13,41,2.57,30,1016,1,0.0
2026-01-15 05:17:53,ANDHERI_E,19.1136,72.8697,4,72.78,87.13,7.04,24.97,123.38,352.12,300.09,41,2.57,30,1016,0,0.0
2026-01-15 05:17:53,POWAI,19.1197,72.9051,4,72.78,87.13,7.04,24.97,123.38,352.12,299.97,41,2.57,30,1016,0,0.0
2026-01-15 05:17:53,DADAR,19.0176,72.8562,4,72.78,87.13,7.04,24.97,123.38,352.12,300.13,41,2.57,30,1016,1,0.0
2026-01-15 05:17:53,COLABA,18.9067,72.8147,4,70.13,85.19,6.02,23.06,121.92,337.44,300.14,45,4.42,8,1016,1,0.0
2026-01-15 05:17:53,BORIVALI_W,19.2307,72.8567,5,77.27,92.18,8.25,27.2,124.49,383.35,300.04,47,2.57,30,1016,0,0.0
2026-01-15 05:17:53,MULUND_E,19.1726,72.957,4,72.78,87.13,7.04,24.97,123.38,352.12,300.11,41,2.57,30,1016,0,0.0
2026-01-15 05:17:53,ULHASNAGAR,19.216,73.151,5,88.85,105.81,12.17,32.48,124.77,446.39,299.74,29,2.15,30,1016,0,0.0
2026-01-15 05:43:58,CHEMBUR,19.051,72.894,5,78.83,93.48,6.58,25.15,140.1,368.08,301.13,39,3.09,270,1016,0,0.0
2026-01-15 05:43:58,ANDHERI_E,19.1136,72.8697,5,78.83,93.48,6.58,25.15,140.1,368.08,301.09,39,3.09,270,1016,0,0.0
2026-01-15 05:43:58,POWAI,19.1197,72.9051,5,78.83,93.48,6.58,25.15,140.1,368.08,300.97,39,3.09,270,1016,0,0.0
2026-01-15 05:43:58,DADAR,19.0176,72.8562,5,78.83,93.48,6.58,25.15,140.1,368.08,301.13,39,3.09,270,1016,0,0.0
2026-01-15 05:43:58,COLABA,18.9067,72.8147,5,75.06,89.91,5.51,22.89,137.47,347.01,301.14,46,3.75,3,1016,1,0.0
2026-01-15 05:43:58,BORIVALI_W,19.2307,72.8567,5,84.51,99.92,7.6,27.82,141.6,400.42,300.04,47,3.09,270,1016,0,0.0
2026-01-15 05:43:58,MULUND_E,19.1726,72.957,5,78.83,93.48,6.58,25.15,140.1,368.08,301.11,39,3.09,270,1016,0,0.0
2026-01-15 05:43:58,ULHASNAGAR,19.216,73.151,5,98.08,116.39,11.48,33.91,144.83,469.87,302.12,26,2.04,34,1015,0,0.0
2026-01-15 06:18:43,CHEMBUR,19.051,72.894,5,78.83,93.48,6.58,25.15,140.1,368.08,302.13,37,3.09,260,1016,0,0.0
2026-01-15 06:18:43,ANDHERI_E,19.1136,72.8697,5,78.83,93.48,6.58,25.15,140.1,368.08,302.09,37,3.09,260,1016,0,0.0
2026-01-15 06:18:43,POWAI,19.1197,72.9051,5,78.83,93.48,6.58,25.15,140.1,368.08,301.97,37,3.09,260,1016,0,0.0
2026-01-15 06:18:43,DADAR,19.0176,72.8562,5,78.83,93.48,6.58,25.15,140.1,368.08,302.13,37,3.09,260,1016,0,0.0
2026-01-15 06:18:43,COLABA,18.9067,72.8147,5,75.06,89.91,5.51,22.89,137.47,347.01,302.14,46,3.66,2,1016,0,0.0
2026-01-15 06:18:43,BORIVALI_W,19.2307,72.8567,5,84.51,99.92,7.6,27.82,141.6,400.42,300.04,54,3.09,260,1016,0,0.0
2026-01-15 06:18:43,MULUND_E,19.1726,72.957,5,78.83,93.48,6.58,25.15,140.1,368.08,302.11,37,3.09,260,1016,0,0.0
2026-01-15 06:18:43,ULHASNAGAR,19.216,73.151,5,98.08,116.39,11.48,33.91,144.83,469.87,302.19,26,1.92,34,1015,0,0.0
2026-01-15 06:52:50,CHEMBUR,19.051,72.894,5,88.13,103.62,5.27,25.34,160.7,384.54,303.13,32,3.6,270,1014,0,0.0
2026-01-15 06:52:50,ANDHERI_E,19.1136,72.8697,5,88.13,103.62,5.27,25.34,160.7,384.54,303.09,32,3.6,270,1014,0,0.0
2026-01-15 06:52:50,POWAI,19.1197,72.9051,5,88.13,103.62,5.27,25.34,160.7,384.54,302.97,32,3.6,270,1014,0,0.0
2026-01-15 06:52:50,DADAR,19.0176,72.8562,5,88.13,103.62,5.27,25.34,160.7,384.54,303.13,32,3.6,270,1014,0,0.0
2026-01-15 06:52:50,COLABA,18.9067,72.8147,5,82.67,97.91,4.36,22.74,156.23,357.33,303.14,46,4.29,338,1014,0,0.0
2026-01-15 06:52:50,BORIVALI_W,19.2307,72.8567,5,94.38,110.52,5.97,28.2,162.63,412.26,300.04,57,3.6,270,1015,0,0.0
2026-01-15 06:52:50,MULUND_E,19.1726,72.957,5,88.13,103.62,5.27,25.34,160.7,384.54,303.11,32,3.6,270,1014,0,0.0
2026-01-15 06:52:50,ULHASNAGAR,19.216,73.151,5,111.57,131.41,9.28,34.87,171.74,490.51,304.15,23,1.27,3,1014,0,0.0
2026-01-15 07:17:14,CHEMBUR,19.051,72.894,5,88.13,103.62,5.27,25.34,160.7,384.54,303.13,42,4.63,270,1014,0,0.0
2026-01-15 07:17:14,ANDHERI_E,19.1136,72.8697,5,88.13,103.62,5.27,25.34,160.7,384.54,303.09,42,4.63,270,1014,0,0.0
2026-01-15 07:17:14,POWAI,19.1197,72.9051,5,88.13,103.62,5.27,25.34,160.7,384.54,302.97,42,4.63,270,1014,0,0.0
2026-01-15 07:17:14,DADAR,19.0176,72.8562,5,88.13,103.62,5.27,25.34,160.7,384.54,303.13,42,4.63,270,1014,0,0.0
2026-01-15 07:17:14,COLABA,18.9067,72.8147,5,82.67,97.91,4.36,22.74,156.23,357.33,303.14,46,4.29,338,1014,0,0.0
2026-01-15 07:17:14,BORIVALI_W,19.2307,72.8567,5,94.38,110.52,5.97,28.2,162.63,412.26,300.04,54,4.63,270,1015,0,0.0
2026-01-15 07:17:14,MULUND_E,19.1726,72.957,5,88.13,103.62,5.27,25.34,160.7,384.54,303.11,42,4.63,270,1014,0,0.0
2026-01-15 07:17:14,ULHASNAGAR,19.216,73.151,5,111.57,131.41,9.28,34.87,171.74,490.51,304.15,23,1.27,3,1014,0,0.0
2026-01-15 07:39:32,CHEMBUR,19.051,72.894,5,97.77,113.66,3.69,25.46,180.11,394.03,303.13,45,5.66,260,1013,0,0.0
2026-01-15 07:39:32,ANDHERI_E,19.1136,72.8697,5,97.77,113.66,3.69,25.46,180.11,394.03,303.09,45,5.66,260,1013,0,0.0
2026-01-15 07:39:32,POWAI,19.1197,72.9051,5,97.77,113.66,3.69,25.46,180.11,394.03,302.97,45,5.66,260,1013,0,0.0
2026-01-15 07:39:32,DADAR,19.0176,72.8562,5,97.77,113.66,3.69,25.46,180.11,394.03,303.13,45,5.66,260,1013,0,0.0
2026-01-15 07:39:32,COLABA,18.9067,72.8147,5,90.68,106.25,3.1,22.66,173.86,364.59,303.14,50,5.71,328,1013,0,0.0
2026-01-15 07:39:32,BORIVALI_W,19.2307,72.8567,5,104.02,120.57,4.23,28.42,182.15,417.44,300.04,57,5.66,260,1013,0,0.0
2026-01-15 07:39:32,MULUND_E,19.1726,72.957,5,97.77,113.66,3.69,25.46,180.11,394.03,303.11,45,5.66,260,1013,0,0.0
2026-01-15 07:39:32,ULHASNAGAR,19.216,73.151,5,125.82,146.34,6.58,35.35,199.23,504.01,305.49,21,0.96,316,1012,0,0.0
2026-01-15 07:50:52,CHEMBUR,19.051,72.894,5,97.77,113.66,3.69,25.46,180.11,394.03,303.13,45,5.66,260,1013,0,0.0
2026-01-15 07:50:52,ANDHERI_E,19.1136,72.8697,5,97.77,113.66,3.69,25.46,180.11,394.03,303.09,45,5.66,260,1013,0,0.0
2026-01-15 07:50:52,POWAI,19.1197,72.9051,5,97.77,113.66,3.69,25.46,180.11,394.03,302.97,45,5.66,260,1013,0,0.0
2026-01-15 07:50:52,DADAR,19.0176,72.8562,5,97.77,113.66,3.69,25.46,180.11,394.03,303.13,45,5.66,260,1013,0,0.0
2026-01-15 07:50:52,COLABA,18.9067,72.8147,5,90.68,106.25,3.1,22.66,173.86,364.59,303.14,50,5.71,328,1013,0,0.0
2026-01-15 07:50:52,BORIVALI_W,19.2307,72.8567,5,104.02,120.57,4.23,28.42,182.15,417.44,300.04,57,5.66,260,1013,0,0.0
2026-01-15 07:50:52,MULUND_E,19.1726,72.957,5,97.77,113.66,3.69,25.46,180.11,394.03,303.11,45,5.66,260,1013,0,0.0
2026-01-15 07:50:52,ULHASNAGAR,19.216,73.151,5,125.82,146.34,6.58,35.35,199.23,504.01,305.49,21,0.96,316,1012,0,0.0
2026-01-15 08:17:05,CHEMBUR,19.051,72.894,5,97.77,113.66,3.69,25.46,180.11,394.03,303.13,45,4.12,270,1013,0,0.0
2026-01-15 08:17:05,ANDHERI_E,19.1136,72.8697,5,97.77,113.66,3.69,25.46,180.11,394.03,303.09,45,4.12,270,1013,0,0.0
2026-01-15 08:17:05,POWAI,19.1197,72.9051,5,97.77,113.66,3.69,25.46,180.11,394.03,302.97,45,4.12,270,1013,0,0.0
2026-01-15 08:17:05,DADAR,19.0176,72.8562,5,97.77,113.66,3.69,25.46,180.11,394.03,303.13,45,4.12,270,1013,0,0.0
2026-01-15 08:17:05,COLABA,18.9067,72.8147,5,90.68,106.25,3.1,22.66,173.86,364.59,303.14,50,5.71,328,1013,0,0.0
2026-01-15 08:17:05,BORIVALI_W,19.2307,72.8567,5,104.02,120.57,4.23,28.42,182.15,417.44,300.04,57,4.12,280,1013,0,0.0
2026-01-15 08:17:05,MULUND_E,19.1726,72.957,5,97.77,113.66,3.69,25.46,180.11,394.03,303.11,45,4.12,270,1013,0,0.0
2026-01-15 08:17:05,ULHASNAGAR,19.216,73.151,5,125.82,146.34,6.58,35.35,199.23,504.01,305.49,21,0.96,316,1012,0,0.0
2026-01-15 08:48:16,CHEMBUR,19.051,72.894,5,103.06,118.76,2.66,25.59,193.56,392.88,304.13,40,4.12,280,1012,0,0.0
2026-01-15 08:48:16,ANDHERI_E,19.1136,72.8697,5,103.06,118.76,2.66,25.59,193.56,392.88,304.09,40,4.12,280,1012,0,0.0
2026-01-15 08:48:16,POWAI,19.1197,72.9051,5,103.06,118.76,2.66,25.59,193.56,392.88,303.97,40,4.12,280,1012,0,0.0
2026-01-15 08:48:16,DADAR,19.0176,72.8562,5,103.06,118.76,2.66,25.59,193.56,392.88,304.13,40,4.12,280,1012,0,0.0
2026-01-15 08:48:16,COLABA,18.9067,72.8147,5,95.43,110.92,2.3,22.7,186.6,365.36,304.14,52,6.64,327,1012,0,0.0
2026-01-15 08:48:16,BORIVALI_W,19.2307,72.8567,5,109.27,125.74,3.24,28.65,195.9,414.34,301.04,51,4.12,290,1012,0,0.0
2026-01-15 08:48:16,MULUND_E,19.1726,72.957,5,103.06,118.76,2.66,25.59,193.56,392.88,304.11,40,4.12,280,1011,0,0.0
2026-01-15 08:48:16,ULHASNAGAR,19.216,73.151,5,133.62,153.83,4.9,35.64,218.99,504.48,305.85,18,2.32,290,1011,0,0.0
2026-01-15 09:18:14,CHEMBUR,19.051,72.894,5,103.06,118.76,2.66,25.59,193.56,392.88,303.13,45,5.14,260,1012,0,0.0
2026-01-15 09:18:14,ANDHERI_E,19.1136,72.8697,5,103.06,118.76,2.66,25.59,193.56,392.88,303.09,45,5.14,260,1012,0,0.0
2026-01-15 09:18:14,POWAI,19.1197,72.9051,5,103.06,118.76,2.66,25.59,193.56,392.88,302.97,45,5.14,260,1012,0,0.0
2026-01-15 09:18:14,DADAR,19.0176,72.8562,5,103.06,118.76,2.66,25.59,193.56,392.88,303.13,45,5.14,260,1012,0,0.0
2026-01-15 09:18:14,COLABA,18.9067,72.8147,5,95.43,110.92,2.3,22.7,186.6,365.36,303.14,52,6.64,327,1012,0,0.0
2026-01-15 09:18:14,BORIVALI_W,19.2307,72.8567,5,109.27,125.74,3.24,28.65,195.9,414.34,301.04,54,5.14,260,1012,0,0.0
2026-01-15 09:18:14,MULUND_E,19.1726,72.957,5,103.06,118.76,2.66,25.59,193.56,392.88,303.11,45,5.14,260,1011,0,0.0
2026-01-15 09:18:14,ULHASNAGAR,19.216,73.151,5,133.62,153.83,4.9,35.64,218.99,504.48,305.85,18,2.32,290,1011,0,0.0
2026-01-15 09:44:14,CHEMBUR,19.051,72.894,5,104.31,121.5,2.32,25.77,201.59,383.02,303.13,39,4.63,300,1011,2,0.0
2026-01-15 09:44:14,ANDHERI_E,19.1136,72.8697,5,104.31,121.5,2.32,25.77,201.59,383.02,303.09,39,4.63,300,1011,1,0.0
2026-01-15 09:44:14,POWAI,19.1197,72.9051,5,104.31,121.5,2.32,25.77,201.59,383.02,302.97,39,4.63,300,1011,2,0.0
2026-01-15 09:44:14,DADAR,19.0176,72.8562,5,104.31,121.5,2.32,25.77,201.59,383.02,303.13,39,4.63,300,1011,2,0.0
2026-01-15 09:44:14,COLABA,18.9067,72.8147,5,97.55,114.26,2.05,22.93,195.09,361.43,303.14,54,7.23,330,1011,1,0.0
2026-01-15 09:44:14,BORIVALI_W,19.2307,72.8567,5,110.71,128.52,3.03,28.8,204.04,405.04,301.04,51,4.63,300,1011,0,0.0
2026-01-15 09:44:14,MULUND_E,19.1726,72.957,5,104.31,121.5,2.32,25.77,201.59,383.02,303.11,39,4.63,300,1011,1,0.0
2026-01-15 09:44:14,ULHASNAGAR,19.216,73.151,5,135.12,156.38,4.58,35.74,229.77,494.93,306.09,16,2.63,289,1010,2,0.0
2026-01-15 10:13:09,CHEMBUR,19.051,72.894,5,104.31,121.5,2.32,25.77,201.59,383.02,303.13,42,4.63,290,1011,2,0.0
2026-01-15 10:13:09,ANDHERI_E,19.1136,72.8697,5,104.31,121.5,2.32,25.77,201.59,383.02,303.09,42,4.63,290,1011,1,0.0
2026-01-15 10:13:09,POWAI,19.1197,72.9051,5,104.31,121.5,2.32,25.77,201.59,383.02,302.97,42,4.63,290,1011,2,0.0
2026-01-15 10:13:09,DADAR,19.0176,72.8562,5,104.31,121.5,2.32,25.77,201.59,383.02,303.13,42,4.63,290,1011,2,0.0
2026-01-15 10:13:09,COLABA,18.9067,72.8147,5,97.55,114.26,2.05,22.93,195.09,361.43,303.14,54,7.23,330,1011,1,0.0
2026-01-15 10:13:09,BORIVALI_W,19.2307,72.8567,5,110.71,128.52,3.03,28.8,204.04,405.04,301.04,51,4.63,290,1011,0,0.0
2026-01-15 10:13:09,MULUND_E,19.1726,72.957,5,104.31,121.5,2.32,25.77,201.59,383.02,303.11,42,4.63,290,1011,1,0.0
2026-01-15 10:13:09,ULHASNAGAR,19.216,73.151,5,135.12,156.38,4.58,35.74,229.77,494.93,306.09,16,2.63,289,1010,2,0.0
2026-01-15 10:44:17,CHEMBUR,19.051,72.894,5,105.22,124.71,2.5,26.06,205.44,375.77,303.13,42,3.6,280,1011,2,0.0
2026-01-15 10:44:17,ANDHERI_E,19.1136,72.8697,5,105.22,124.71,2.5,26.06,205.44,375.77,303.09,42,3.6,280,1011,3,0.0
2026-01-15 10:44:17,POWAI,19.1197,72.9051,5,105.22,124.71,2.5,26.06,205.44,375.77,302.97,42,3.6,280,1011,5,0.0
2026-01-15 10:44:17,DADAR,19.0176,72.8562,5,105.22,124.71,2.5,26.06,205.44,375.77,303.13,42,3.6,280,1011,1,0.0
2026-01-15 10:44:17,COLABA,18.9067,72.8147,5,98.71,117.43,2.2,23.22,199.46,357.05,303.14,57,7.99,329,1011,0,0.0
2026-01-15 10:44:17,BORIVALI_W,19.2307,72.8567,5,111.31,131.16,3.41,28.87,206.69,397.8,301.04,54,3.6,290,1011,6,0.0
2026-01-15 10:44:17,MULUND_E,19.1726,72.957,5,105.22,124.71,2.5,26.06,205.44,375.77,303.11,42,3.6,280,1011,9,0.0
2026-01-15 10:44:17,ULHASNAGAR,19.216,73.151,5,133.61,156.25,5.21,35.39,231.64,485.88,305.89,16,2.95,292,1011,12,0.0
2026-01-15 11:11:26,CHEMBUR,19.051,72.894,5,105.22,124.71,2.5,26.06,205.44,375.77,302.13,42,4.12,310,1011,2,0.0
2026-01-15 11:11:26,ANDHERI_E,19.1136,72.8697,5,105.22,124.71,2.5,26.06,205.44,375.77,302.09,42,4.12,310,1011,3,0.0
2026-01-15 11:11:26,POWAI,19.1197,72.9051,5,105.22,124.71,2.5,26.06,205.44,375.77,301.97,42,4.12,310,1011,5,0.0
2026-01-15 11:11:26,DADAR,19.0176,72.8562,5,105.22,124.71,2.5,26.06,205.44,375.77,302.13,42,4.12,310,1011,1,0.0
2026-01-15 11:11:26,COLABA,18.9067,72.8147,5,98.71,117.43,2.2,23.22,199.46,357.05,302.14,57,7.99,329,1011,0,0.0
2026-01-15 11:11:26,BORIVALI_W,19.2307,72.8567,5,111.31,131.16,3.41,28.87,206.69,397.8,300.04,57,4.12,310,1011,6,0.0
2026-01-15 11:11:26,MULUND_E,19.1726,72.957,5,105.22,124.71,2.5,26.06,205.44,375.77,302.11,42,4.12,310,1011,9,0.0
2026-01-15 11:11:26,ULHASNAGAR,19.216,73.151,5,133.61,156.25,5.21,35.39,231.64,485.88,305.89,16,2.95,292,1011,12,0.0
2026-01-15 11:33:33,CHEMBUR,19.051,72.894,5,102.84,123.78,3.11,25.9,203.22,363.59,302.13,42,4.12,310,1011,18,0.0
2026-01-15 11:33:33,ANDHERI_E,19.1136,72.8697,5,102.84,123.78,3.11,25.9,203.22,363.59,302.09,42,4.12,310,1011,18,0.0
2026-01-15 11:33:33,POWAI,19.1197,72.9051,5,102.84,123.78,3.11,25.9,203.22,363.59,301.97,42,4.12,310,1011,17,0.0
2026-01-15 11:33:33,DADAR,19.0176,72.8562,5,102.84,123.78,3.11,25.9,203.22,363.59,302.13,42,4.12,310,1012,18,0.0
2026-01-15 11:33:33,COLABA,18.9067,72.8147,5,96.14,116.22,2.67,23.01,197.66,345.38,302.14,57,8.15,330,1012,17,0.0
2026-01-15 11:33:33,BORIVALI_W,19.2307,72.8567,5,108.73,129.92,4.32,28.54,202.96,387.49,300.04,57,4.12,310,1011,15,0.0
2026-01-15 11:33:33,MULUND_E,19.1726,72.957,5,102.84,123.78,3.11,25.9,203.22,363.59,302.11,42,4.12,310,1011,15,0.0
2026-01-15 11:33:33,ULHASNAGAR,19.216,73.151,5,128.56,151.94,6.79,34.78,224.27,475.29,304.48,18,3.02,294,1011,11,0.0
2026-01-15 11:47:18,CHEMBUR,19.051,72.894,5,102.84,123.78,3.11,25.9,203.22,363.59,302.13,45,3.6,290,1011,18,0.0
2026-01-15 11:47:18,ANDHERI_E,19.1136,72.8697,5,102.84,123.78,3.11,25.9,203.22,363.59,302.09,45,3.6,290,1011,18,0.0
2026-01-15 11:47:18,POWAI,19.1197,72.9051,5,102.84,123.78,3.11,25.9,203.22,363.59,301.97,45,3.6,290,1011,17,0.0
2026-01-15 11:47:18,DADAR,19.0176,72.8562,5,102.84,123.78,3.11,25.9,203.22,363.59,302.13,45,3.6,290,1012,18,0.0
2026-01-15 11:47:18,COLABA,18.9067,72.8147,5,96.14,116.22,2.67,23.01,197.66,345.38,302.14,57,8.15,330,1012,17,0.0
2026-01-15 11:47:18,BORIVALI_W,19.2307,72.8567,5,108.73,129.92,4.32,28.54,202.96,387.49,300.04,57,3.6,290,1011,15,0.0
2026-01-15 11:47:18,MULUND_E,19.1726,72.957,5,102.84,123.78,3.11,25.9,203.22,363.59,302.11,45,3.6,290,1011,15,0.0
2026-01-15 11:47:18,ULHASNAGAR,19.216,73.151,5,128.56,151.94,6.79,34.78,224.27,475.29,304.48,18,3.02,294,1011,11,0.0
2026-01-15 12:22:27,CHEMBUR,19.051,72.894,5,102.84,123.78,3.11,25.9,203.22,363.59,301.13,44,3.6,290,1011,18,0.0
2026-01-15 12:22:27,ANDHERI_E,19.1136,72.8697,5,102.84,123.78,3.11,25.9,203.22,363.59,301.09,44,3.6,290,1011,18,0.0
2026-01-15 12:22:27,POWAI,19.1197,72.9051,5,102.84,123.78,3.11,25.9,203.22,363.59,300.97,44,3.6,290,1011,17,0.0
2026-01-15 12:22:27,DADAR,19.0176,72.8562,5,102.84,123.78,3.11,25.9,203.22,363.59,301.13,44,3.6,290,1012,18,0.0
2026-01-15 12:22:27,COLABA,18.9067,72.8147,5,96.14,116.22,2.67,23.01,197.66,345.38,301.14,57,8.15,330,1012,17,0.0
2026-01-15 12:22:27,BORIVALI_W,19.2307,72.8567,5,108.73,129.92,4.32,28.54,202.96,387.49,299.04,57,3.6,290,1011,15,0.0
2026-01-15 12:22:27,MULUND_E,19.1726,72.957,5,102.84,123.78,3.11,25.9,203.22,363.59,301.11,44,3.6,290,1011,15,0.0
2026-01-15 12:22:27,ULHASNAGAR,19.216,73.151,5,128.56,151.94,6.79,34.78,224.27,475.29,304.48,18,3.02,294,1011,11,0.0
2026-01-15 13:24:14,CHEMBUR,19.051,72.894,5,100.72,123.87,3.75,24.99,192.81,343.52,299.13,50,3.6,320,1012,100,0.0
2026-01-15 13:24:14,ANDHERI_E,19.1136,72.8697,5,100.72,123.87,3.75,24.99,192.81,343.52,299.09,50,3.6,320,1012,100,0.0
2026-01-15 13:24:14,POWAI,19.1197,72.9051,5,100.72,123.87,3.75,24.99,192.81,343.52,298.97,50,3.6,320,1012,100,0.0
2026-01-15 13:24:14,DADAR,19.0176,72.8562,5,100.72,123.87,3.75,24.99,192.81,343.52,299.13,50,3.6,320,1012,100,0.0
2026-01-15 13:24:14,COLABA,18.9067,72.8147,5,96.05,119.36,3.15,22.65,190.16,328.68,299.14,59,7.14,337,1012,99,0.0
2026-01-15 13:24:14,BORIVALI_W,19.2307,72.8567,5,107.18,130.43,5.12,27.63,192.58,372.46,298.04,61,3.6,320,1012,100,0.0
2026-01-15 13:24:14,MULUND_E,19.1726,72.957,5,100.72,123.87,3.75,24.99,192.81,343.52,299.11,50,3.6,320,1012,100,0.0
2026-01-15 13:24:14,ULHASNAGAR,19.216,73.151,5,125.93,151.15,8.23,33.55,208.95,463.6,300.63,26,2.39,281,1012,92,0.0
2026-01-15 13:59:35,CHEMBUR,19.051,72.894,5,99.02,122.93,3.42,24.25,183.99,343.02,299.13,50,3.09,290,1013,63,0.0
2026-01-15 13:59:35,ANDHERI_E,19.1136,72.8697,5,99.02,122.93,3.42,24.25,183.99,343.02,299.09,50,3.09,290,1013,60,0.0
2026-01-15 13:59:35,POWAI,19.1197,72.9051,5,99.02,122.93,3.42,24.25,183.99,343.02,298.88,50,3.09,290,1013,62,0.0
2026-01-15 13:59:35,DADAR,19.0176,72.8562,5,99.02,122.93,3.42,24.25,183.99,343.02,299.13,50,3.09,290,1013,61,0.0
2026-01-15 13:59:35,COLABA,18.9067,72.8147,5,94.21,118.2,2.87,22.04,182.55,325.47,299.14,60,7.27,339,1013,58,0.0
2026-01-15 13:59:35,BORIVALI_W,19.2307,72.8567,5,104.56,128.23,4.54,26.76,183.05,371.52,299.09,50,3.09,290,1013,52,0.0
2026-01-15 13:59:35,MULUND_E,19.1726,72.957,5,99.02,122.93,3.42,24.25,183.99,343.02,299.11,50,3.09,290,1013,59,0.0
2026-01-15 13:59:35,ULHASNAGAR,19.216,73.151,5,122.58,148.6,7.4,32.62,193.41,467.21,299.01,31,1.98,282,1012,47,0.0
2026-01-15 14:25:56,CHEMBUR,19.051,72.894,5,99.02,122.93,3.42,24.25,183.99,343.02,298.13,53,2.06,310,1013,63,0.0
2026-01-15 14:25:56,ANDHERI_E,19.1136,72.8697,5,99.02,122.93,3.42,24.25,183.99,343.02,298.09,53,2.06,310,1013,60,0.0
2026-01-15 14:25:56,POWAI,19.1197,72.9051,5,99.02,122.93,3.42,24.25,183.99,343.02,297.97,53,2.06,310,1013,62,0.0
2026-01-15 14:25:56,DADAR,19.0176,72.8562,5,99.02,122.93,3.42,24.25,183.99,343.02,298.13,53,2.06,310,1013,61,0.0
2026-01-15 14:25:56,COLABA,18.9067,72.8147,5,94.21,118.2,2.87,22.04,182.55,325.47,298.14,60,7.27,339,1013,58,0.0
2026-01-15 14:25:56,BORIVALI_W,19.2307,72.8567,5,104.56,128.23,4.54,26.76,183.05,371.52,298.09,53,2.06,310,1013,52,0.0
2026-01-15 14:25:56,MULUND_E,19.1726,72.957,5,99.02,122.93,3.42,24.25,183.99,343.02,298.11,53,2.06,310,1013,59,0.0
2026-01-15 14:25:56,ULHASNAGAR,19.216,73.151,5,122.58,148.6,7.4,32.62,193.41,467.21,299.01,31,1.98,282,1012,47,0.0
2026-01-15 14:54:38,CHEMBUR,19.051,72.894,5,95.97,120.12,2.63,22.9,174.56,338.64,298.13,53,1.54,300,1013,42,0.0
2026-01-15 14:54:38,ANDHERI_E,19.1136,72.8697,5,95.97,120.12,2.63,22.9,174.56,338.64,298.09,53,1.54,300,1013,40,0.0
2026-01-15 14:54:38,POWAI,19.1197,72.9051,5,95.97,120.12,2.63,22.9,174.56,338.64,297.97,53,1.54,300,1013,42,0.0
2026-01-15 14:54:38,DADAR,19.0176,72.8562,5,95.97,120.12,2.63,22.9,174.56,338.64,298.13,53,1.54,300,1013,41,0.0
2026-01-15 14:54:38,COLABA,18.9067,72.8147,5,91.45,115.68,2.23,20.9,174.13,320.36,298.14,60,6.63,339,1014,38,0.0
2026-01-15 14:54:38,BORIVALI_W,19.2307,72.8567,5,100.85,124.49,3.7,25.34,173.91,367.04,298.09,53,1.54,300,1013,35,0.0
2026-01-15 14:54:38,MULUND_E,19.1726,72.957,5,95.97,120.12,2.63,22.9,174.56,338.64,298.11,53,1.54,300,1013,40,0.0
2026-01-15 14:54:38,ULHASNAGAR,19.216,73.151,5,118.26,144.92,6.14,31.07,179.26,466.57,297.83,34,1.29,323,1013,31,0.0
2026-01-15 15:14:26,CHEMBUR,19.051,72.894,5,95.97,120.12,2.63,22.9,174.56,338.64,298.13,50,1.54,280,1013,42,0.0
2026-01-15 15:14:26,ANDHERI_E,19.1136,72.8697,5,95.97,120.12,2.63,22.9,174.56,338.64,298.09,50,1.54,280,1013,40,0.0
2026-01-15 15:14:26,POWAI,19.1197,72.9051,5,95.97,120.12,2.63,22.9,174.56,338.64,297.97,50,1.54,280,1013,42,0.0
2026-01-15 15:14:26,DADAR,19.0176,72.8562,5,95.97,120.12,2.63,22.9,174.56,338.64,298.13,50,1.54,280,1013,41,0.0
2026-01-15 15:14:26,COLABA,18.9067,72.8147,5,91.45,115.68,2.23,20.9,174.13,320.36,298.14,60,6.63,339,1014,38,0.0
2026-01-15 15:14:26,BORIVALI_W,19.2307,72.8567,5,100.85,124.49,3.7,25.34,173.91,367.04,298.09,50,1.54,280,1013,35,0.0
2026-01-15 15:14:26,MULUND_E,19.1726,72.957,5,95.97,120.12,2.63,22.9,174.56,338.64,298.11,50,1.54,280,1013,40,0.0
2026-01-15 15:14:26,ULHASNAGAR,19.216,73.151,5,118.26,144.92,6.14,31.07,179.26,466.57,297.83,34,1.29,323,1013,31,0.0
2026-01-15 15:42:56,CHEMBUR,19.051,72.894,5,92.56,116.45,2.24,21.49,165.68,334.89,298.13,53,1.54,290,1014,32,0.0
2026-01-15 15:42:56,ANDHERI_E,19.1136,72.8697,5,92.56,116.45,2.24,21.49,165.68,334.89,298.09,53,1.54,290,1014,30,0.0
2026-01-15 15:42:56,POWAI,19.1197,72.9051,5,92.56,116.45,2.24,21.49,165.68,334.89,297.97,53,1.54,290,1014,31,0.0
2026-01-15 15:42:56,DADAR,19.0176,72.8562,5,92.56,116.45,2.24,21.49,165.68,334.89,298.13,53,1.54,290,1014,31,0.0
2026-01-15 15:42:56,COLABA,18.9067,72.8147,5,88.62,112.76,1.9,19.69,166.11,316.49,298.14,61,5.61,340,1014,29,0.0
2026-01-15 15:42:56,BORIVALI_W,19.2307,72.8567,5,97.27,120.49,3.31,23.97,165.73,364.36,298.09,53,1.54,290,1014,26,0.0
2026-01-15 15:42:56,MULUND_E,19.1726,72.957,5,92.56,116.45,2.24,21.49,165.68,334.89,298.11,53,1.54,290,1014,30,0.0
2026-01-15 15:42:56,ULHASNAGAR,19.216,73.151,5,114.9,141.93,5.58,29.73,167.7,469.98,296.95,35,0.81,22,1014,23,0.0
2026-01-15 16:21:24,CHEMBUR,19.051,72.894,5,92.56,116.45,2.24,21.49,165.68,334.89,298.13,53,0,0,1014,32,0.0
2026-01-15 16:21:24,ANDHERI_E,19.1136,72.8697,5,92.56,116.45,2.24,21.49,165.68,334.89,298.09,53,0,0,1014,30,0.0
2026-01-15 16:21:24,POWAI,19.1197,72.9051,5,92.56,116.45,2.24,21.49,165.68,334.89,297.97,53,0,0,1014,31,0.0
2026-01-15 16:21:24,DADAR,19.0176,72.8562,5,92.56,116.45,2.24,21.49,165.68,334.89,298.13,53,0,0,1014,31,0.0
2026-01-15 16:21:24,COLABA,18.9067,72.8147,5,88.62,112.76,1.9,19.69,166.11,316.49,298.14,61,5.61,340,1014,29,0.0
2026-01-15 16:21:24,BORIVALI_W,19.2307,72.8567,5,97.27,120.49,3.31,23.97,165.73,364.36,298.09,53,0,0,1014,26,0.0
2026-01-15 16:21:24,MULUND_E,19.1726,72.957,5,92.56,116.45,2.24,21.49,165.68,334.89,298.11,53,0,0,1014,30,0.0
2026-01-15 16:21:24,ULHASNAGAR,19.216,73.151,5,114.9,141.93,5.58,29.73,167.7,469.98,296.95,35,0.81,22,1014,23,0.0
2026-01-15 17:05:11,CHEMBUR,19.051,72.894,5,90.73,113.64,2.11,20.56,159.04,336.39,298.13,53,0,0,1014,25,0.0
2026-01-15 17:05:11,ANDHERI_E,19.1136,72.8697,5,90.73,113.64,2.11,20.56,159.04,336.39,298.09,53,0,0,1014,24,0.0
2026-01-15 17:05:11,POWAI,19.1197,72.9051,5,90.73,113.64,2.11,20.56,159.04,336.39,297.97,53,0,0,1014,25,0.0
2026-01-15 17:05:11,DADAR,19.0176,72.8562,5,90.73,113.64,2.11,20.56,159.04,336.39,298.13,53,0,0,1014,25,0.0
2026-01-15 17:05:11,COLABA,18.9067,72.8147,5,87.29,110.92,1.78,18.87,159.98,317.73,298.14,61,5.1,341,1014,23,0.0
2026-01-15 17:05:11,BORIVALI_W,19.2307,72.8567,5,95.81,118.26,3.2,23.16,159.99,368.92,298.09,53,0,0,1014,21,0.0
2026-01-15 17:05:11,MULUND_E,19.1726,72.957,5,90.73,113.64,2.11,20.56,159.04,336.39,298.11,53,0,0,1014,24,0.0
2026-01-15 17:05:11,ULHASNAGAR,19.216,73.151,5,114.39,140.82,5.47,29.26,159.4,484.43,296.39,36,0.37,17,1014,19,0.0
2026-01-15 17:49:58,CHEMBUR,19.051,72.894,5,89.94,111.98,2.1,19.93,154.38,341.79,297.13,57,0,0,1014,21,0.0
2026-01-15 17:49:58,ANDHERI_E,19.1136,72.8697,5,89.94,111.98,2.1,19.93,154.38,341.79,297.09,57,0,0,1014,20,0.0
2026-01-15 17:49:58,POWAI,19.1197,72.9051,5,89.94,111.98,2.1,19.93,154.38,341.79,296.97,57,0,0,1014,21,0.0
2026-01-15 17:49:58,DADAR,19.0176,72.8562,5,89.94,111.98,2.1,19.93,154.38,341.79,297.13,57,0,0,1014,20,0.0
2026-01-15 17:49:58,COLABA,18.9067,72.8147,5,86.4,109.36,1.75,18.23,154.96,321.57,297.14,61,4.7,337,1014,19,0.0
2026-01-15 17:49:58,BORIVALI_W,19.2307,72.8567,5,95.63,117.28,3.22,22.77,155.87,376.33,297.09,57,0,0,1014,17,0.0
2026-01-15 17:49:58,MULUND_E,19.1726,72.957,5,89.94,111.98,2.1,19.93,154.38,341.79,297.11,57,0,0,1014,20,0.0
2026-01-15 17:49:58,ULHASNAGAR,19.216,73.151,5,115.43,140.99,5.57,29.4,153.27,502.43,295.94,37,0.46,51,1014,16,0.0
2026-01-15 18:22:32,CHEMBUR,19.051,72.894,5,89.94,111.98,2.1,19.93,154.38,341.79,296.13,64,0,0,1014,9,0.0
2026-01-15 18:22:32,ANDHERI_E,19.1136,72.8697,5,89.94,111.98,2.1,19.93,154.38,341.79,296.09,64,0,0,1014,6,0.0
2026-01-15 18:22:32,POWAI,19.1197,72.9051,5,89.94,111.98,2.1,19.93,154.38,341.79,295.97,64,0,0,1014,8,0.0
2026-01-15 18:22:32,DADAR,19.0176,72.8562,5,89.94,111.98,2.1,19.93,154.38,341.79,296.13,64,0,0,1014,8,0.0
2026-01-15 18:22:32,COLABA,18.9067,72.8147,5,86.4,109.36,1.75,18.23,154.96,321.57,296.14,61,5.32,339,1014,6,0.0
2026-01-15 18:22:32,BORIVALI_W,19.2307,72.8567,5,95.63,117.28,3.22,22.77,155.87,376.33,296.09,64,0,0,1014,4,0.0
2026-01-15 18:22:32,MULUND_E,19.1726,72.957,5,89.94,111.98,2.1,19.93,154.38,341.79,296.11,64,0,0,1014,9,0.0
2026-01-15 18:22:32,ULHASNAGAR,19.216,73.151,5,115.43,140.99,5.57,29.4,153.27,502.43,295.94,37,0.47,23,1014,12,0.0
2026-01-15 19:03:36,CHEMBUR,19.051,72.894,5,87.5,108.49,2.12,19.53,150.6,337.57,296.13,68,0,0,1013,0,0.0
2026-01-15 19:03:36,ANDHERI_E,19.1136,72.8697,5,87.5,108.49,2.12,19.53,150.6,337.57,296.09,68,0,0,1013,0,0.0
2026-01-15 19:03:36,POWAI,19.1197,72.9051,5,87.5,108.49,2.12,19.53,150.6,337.57,295.97,68,0,0,1013,0,0.0
2026-01-15 19:03:36,DADAR,19.0176,72.8562,5,87.5,108.49,2.12,19.53,150.6,337.57,296.13,68,0,0,1013,0,0.0
2026-01-15 19:03:36,COLABA,18.9067,72.8147,5,84.09,106.1,1.75,17.76,150.73,317.83,296.14,60,5.15,336,1013,0,0.0
2026-01-15 19:03:36,BORIVALI_W,19.2307,72.8567,5,94.51,115.24,3.22,22.47,152.23,377.29,296.09,68,0,0,1013,0,0.0
2026-01-15 19:03:36,MULUND_E,19.1726,72.957,5,87.5,108.49,2.12,19.53,150.6,337.57,296.11,68,0,0,1013,0,0.0
2026-01-15 19:03:36,ULHASNAGAR,19.216,73.151,5,114.29,138.62,5.61,29.38,147.81,506.14,295.57,38,0.79,26,1014,0,0.0
2026-01-15 19:37:46,CHEMBUR,19.051,72.894,5,87,107.34,2.17,19.63,148.31,339.67,296.13,64,0,0,1013,0,0.0
2026-01-15 19:37:46,ANDHERI_E,19.1136,72.8697,5,87,107.34,2.17,19.63,148.31,339.67,296.09,64,0,0,1013,0,0.0
2026-01-15 19:37:46,POWAI,19.1197,72.9051,5,87,107.34,2.17,19.63,148.31,339.67,295.97,64,0,0,1013,0,0.0
2026-01-15 19:37:46,DADAR,19.0176,72.8562,5,87,107.34,2.17,19.63,148.31,339.67,296.13,64,0,0,1013,0,0.0
2026-01-15 19:37:46,COLABA,18.9067,72.8147,5,83.27,104.63,1.78,17.76,147.75,318.78,296.14,59,5.25,340,1013,0,0.0
2026-01-15 19:37:46,BORIVALI_W,19.2307,72.8567,5,95.94,116.44,3.18,22.76,149.72,387.87,296.09,64,0,0,1013,0,0.0
2026-01-15 19:37:46,MULUND_E,19.1726,72.957,5,87,107.34,2.17,19.63,148.31,339.67,296.11,64,0,0,1013,0,0.0
2026-01-15 19:37:46,ULHASNAGAR,19.216,73.151,5,117.01,141.23,5.55,29.65,143.43,523.79,295.09,38,0.9,5,1013,0,0.0
2026-01-15 19:50:42,CHEMBUR,19.051,72.894,5,87,107.34,2.17,19.63,148.31,339.67,296.13,64,0,0,1013,0,0.0
2026-01-15 19:50:42,ANDHERI_E,19.1136,72.8697,5,87,107.34,2.17,19.63,148.31,339.67,296.09,64,0,0,1013,0,0.0
2026-01-15 19:50:42,POWAI,19.1197,72.9051,5,87,107.34,2.17,19.63,148.31,339.67,295.97,64,0,0,1013,0,0.0
2026-01-15 19:50:42,DADAR,19.0176,72.8562,5,87,107.34,2.17,19.63,148.31,339.67,296.13,64,0,0,1013,0,0.0
2026-01-15 19:50:42,COLABA,18.9067,72.8147,5,83.27,104.63,1.78,17.76,147.75,318.78,296.14,59,5.25,340,1013,0,0.0
2026-01-15 19:50:42,BORIVALI_W,19.2307,72.8567,5,95.94,116.44,3.18,22.76,149.72,387.87,296.09,64,0,0,1013,0,0.0
2026-01-15 19:50:42,MULUND_E,19.1726,72.957,5,87,107.34,2.17,19.63,148.31,339.67,296.11,64,0,0,1013,0,0.0
2026-01-15 19:50:42,ULHASNAGAR,19.216,73.151,5,117.01,141.23,5.55,29.65,143.43,523.79,295.09,38,0.9,5,1013,0,0.0
2026-01-15 20:13:26,CHEMBUR,19.051,72.894,5,87,107.34,2.17,19.63,148.31,339.67,296.13,64,0,0,1013,0,0.0
2026-01-15 20:13:26,ANDHERI_E,19.1136,72.8697,5,87,107.34,2.17,19.63,148.31,339.67,296.09,64,0,0,1013,0,0.0
2026-01-15 20:13:26,POWAI,19.1197,72.9051,5,87,107.34,2.17,19.63,148.31,339.67,295.97,64,0,0,1013,0,0.0
2026-01-15 20:13:26,DADAR,19.0176,72.8562,5,87,107.34,2.17,19.63,148.31,339.67,296.13,64,0,0,1013,0,0.0
2026-01-15 20:13:26,COLABA,18.9067,72.8147,5,83.27,104.63,1.78,17.76,147.75,318.78,296.14,59,5.25,340,1013,0,0.0
2026-01-15 20:13:26,BORIVALI_W,19.2307,72.8567,5,95.94,116.44,3.18,22.76,149.72,387.87,296.09,64,0,0,1013,0,0.0
2026-01-15 20:13:26,MULUND_E,19.1726,72.957,5,87,107.34,2.17,19.63,148.31,339.67,296.11,64,0,0,1013,0,0.0
2026-01-15 20:13:26,ULHASNAGAR,19.216,73.151,5,117.01,141.23,5.55,29.65,143.43,523.79,295.09,38,0.9,5,1013,0,0.0
2026-01-15 20:41:37,CHEMBUR,19.051,72.894,5,89.77,110.12,2.24,20.67,146.94,357.36,295.13,73,0,0,1013,0,0.0
2026-01-15 20:41:37,ANDHERI_E,19.1136,72.8697,5,89.77,110.12,2.24,20.67,146.94,357.36,295.09,73,0,0,1013,0,0.0
2026-01-15 20:41:37,POWAI,19.1197,72.9051,5,89.77,110.12,2.24,20.67,146.94,357.36,294.97,73,0,0,1013,0,0.0
2026-01-15 20:41:37,DADAR,19.0176,72.8562,5,89.77,110.12,2.24,20.67,146.94,357.36,295.13,73,0,0,1013,0,0.0
2026-01-15 20:41:37,COLABA,18.9067,72.8147,5,85.33,106.63,1.84,18.57,145.88,332.94,295.14,57,5.66,345,1013,0,0.0
2026-01-15 20:41:37,BORIVALI_W,19.2307,72.8567,5,99.87,120.51,3.16,24.04,147.83,409.55,295.09,73,0,0,1013,0,0.0
2026-01-15 20:41:37,MULUND_E,19.1726,72.957,5,89.77,110.12,2.24,20.67,146.94,357.36,295.11,73,0,0,1013,0,0.0
2026-01-15 20:41:37,ULHASNAGAR,19.216,73.151,5,123.24,147.9,5.48,30.99,139.97,556.22,294.64,37,1.33,352,1013,0,0.0
2026-01-15 21:12:13,CHEMBUR,19.051,72.894,5,89.77,110.12,2.24,20.67,146.94,357.36,295.13,73,0,0,1013,0,0.0
2026-01-15 21:12:13,ANDHERI_E,19.1136,72.8697,5,89.77,110.12,2.24,20.67,146.94,357.36,295.09,73,0,0,1013,0,0.0
2026-01-15 21:12:13,POWAI,19.1197,72.9051,5,89.77,110.12,2.24,20.67,146.94,357.36,294.97,73,0,0,1013,0,0.0
2026-01-15 21:12:13,DADAR,19.0176,72.8562,5,89.77,110.12,2.24,20.67,146.94,357.36,295.13,73,0,0,1013,0,0.0
2026-01-15 21:12:13,COLABA,18.9067,72.8147,5,85.33,106.63,1.84,18.57,145.88,332.94,295.14,57,5.66,345,1013,0,0.0
2026-01-15 21:12:13,BORIVALI_W,19.2307,72.8567,5,99.87,120.51,3.16,24.04,147.83,409.55,295.09,73,0,0,1013,0,0.0
2026-01-15 21:12:13,MULUND_E,19.1726,72.957,5,89.77,110.12,2.24,20.67,146.94,357.36,295.11,73,0,0,1013,0,0.0
2026-01-15 21:12:13,ULHASNAGAR,19.216,73.151,5,123.24,147.9,5.48,30.99,139.97,556.22,294.64,37,1.33,352,1013,0,0.0
2026-01-15 21:34:39,CHEMBUR,19.051,72.894,5,92.8,112.89,2.3,22.44,145.88,378.97,295.13,73,0,0,1012,0,0.0
2026-01-15 21:34:39,ANDHERI_E,19.1136,72.8697,5,92.8,112.89,2.3,22.44,145.88,378.97,295.09,73,0,0,1012,0,0.0
2026-01-15 21:34:39,POWAI,19.1197,72.9051,5,92.8,112.89,2.3,22.44,145.88,378.97,294.97,73,0,0,1012,0,0.0
2026-01-15 21:34:39,DADAR,19.0176,72.8562,5,92.8,112.89,2.3,22.44,145.88,378.97,295.13,73,0,0,1012,0,0.0
2026-01-15 21:34:39,COLABA,18.9067,72.8147,5,87.48,108.29,1.89,19.9,144.72,350.54,295.14,55,5.37,357,1012,0,0.0
2026-01-15 21:34:39,BORIVALI_W,19.2307,72.8567,5,103.04,123.4,3.11,25.64,146.3,430.08,295.09,73,0,0,1013,0,0.0
2026-01-15 21:34:39,MULUND_E,19.1726,72.957,5,92.8,112.89,2.3,22.44,145.88,378.97,295.11,73,0,0,1013,0,0.0
2026-01-15 21:34:39,ULHASNAGAR,19.216,73.151,5,128.48,152.94,5.36,32.96,137.52,583.14,294.13,36,0.93,25,1013,0,0.0
2026-01-15 21:47:26,CHEMBUR,19.051,72.894,5,92.8,112.89,2.3,22.44,145.88,378.97,295.13,68,0,0,1012,0,0.0
2026-01-15 21:47:26,ANDHERI_E,19.1136,72.8697,5,92.8,112.89,2.3,22.44,145.88,378.97,295.09,68,0,0,1012,0,0.0
2026-01-15 21:47:26,POWAI,19.1197,72.9051,5,92.8,112.89,2.3,22.44,145.88,378.97,294.97,68,0,0,1012,0,0.0
2026-01-15 21:47:26,DADAR,19.0176,72.8562,5,92.8,112.89,2.3,22.44,145.88,378.97,295.13,68,0,0,1012,0,0.0
2026-01-15 21:47:26,COLABA,18.9067,72.8147,5,87.48,108.29,1.89,19.9,144.72,350.54,295.14,55,5.37,357,1012,0,0.0
2026-01-15 21:47:26,BORIVALI_W,19.2307,72.8567,5,103.04,123.4,3.11,25.64,146.3,430.08,295.09,68,0,0,1013,0,0.0
2026-01-15 21:47:26,MULUND_E,19.1726,72.957,5,92.8,112.89,2.3,22.44,145.88,378.97,295.11,68,0,0,1013,0,0.0
2026-01-15 21:47:26,ULHASNAGAR,19.216,73.151,5,128.48,152.94,5.36,32.96,137.52,583.14,294.13,36,0.93,25,1013,0,0.0
2026-01-15 22:12:24,CHEMBUR,19.051,72.894,5,92.8,112.89,2.3,22.44,145.88,378.97,294.13,78,0,0,1012,0,0.0
2026-01-15 22:12:24,ANDHERI_E,19.1136,72.8697,5,92.8,112.89,2.3,22.44,145.88,378.97,294.09,78,0,0,1012,0,0.0
2026-01-15 22:12:24,POWAI,19.1197,72.9051,5,92.8,112.89,2.3,22.44,145.88,378.97,293.97,78,0,0,1012,0,0.0
2026-01-15 22:12:24,DADAR,19.0176,72.8562,5,92.8,112.89,2.3,22.44,145.88,378.97,294.13,78,0,0,1012,0,0.0
2026-01-15 22:12:24,COLABA,18.9067,72.8147,5,87.48,108.29,1.89,19.9,144.72,350.54,294.14,55,5.37,357,1012,0,0.0
2026-01-15 22:12:24,BORIVALI_W,19.2307,72.8567,5,103.04,123.4,3.11,25.64,146.3,430.08,294.09,78,0,0,1013,0,0.0
2026-01-15 22:12:24,MULUND_E,19.1726,72.957,5,92.8,112.89,2.3,22.44,145.88,378.97,294.11,78,0,0,1013,0,0.0
2026-01-15 22:12:24,ULHASNAGAR,19.216,73.151,5,128.48,152.94,5.36,32.96,137.52,583.14,294.13,36,0.93,25,1013,0,0.0
2026-01-15 22:39:07,CHEMBUR,19.051,72.894,5,95.62,115.22,2.32,24.29,144.37,397.76,294.13,78,0,0,1012,0,0.0
2026-01-15 22:39:07,ANDHERI_E,19.1136,72.8697,5,95.62,115.22,2.32,24.29,144.37,397.76,294.09,78,0,0,1012,0,0.0
2026-01-15 22:39:07,POWAI,19.1197,72.9051,5,95.62,115.22,2.32,24.29,144.37,397.76,293.97,78,0,0,1012,0,0.0
2026-01-15 22:39:07,DADAR,19.0176,72.8562,5,95.62,115.22,2.32,24.29,144.37,397.76,294.13,78,0,0,1012,0,0.0
2026-01-15 22:39:07,COLABA,18.9067,72.8147,5,89.07,109.34,1.91,21.2,143.12,365.21,294.14,53,4.7,14,1012,0,0.0
2026-01-15 22:39:07,BORIVALI_W,19.2307,72.8567,5,104.63,124.48,3.03,26.55,144.38,441.66,294.09,78,0,0,1012,0,0.0
2026-01-15 22:39:07,MULUND_E,19.1726,72.957,5,95.62,115.22,2.32,24.29,144.37,397.76,294.11,78,0,0,1012,0,0.0
2026-01-15 22:39:07,ULHASNAGAR,19.216,73.151,5,130.95,154.68,5.2,34.25,135.65,593.54,293.68,36,0.99,58,1013,0,0.0
2026-01-15 22:51:57,CHEMBUR,19.051,72.894,5,95.62,115.22,2.32,24.29,144.37,397.76,294.13,78,0,0,1012,0,0.0
2026-01-15 22:51:57,ANDHERI_E,19.1136,72.8697,5,95.62,115.22,2.32,24.29,144.37,397.76,294.09,78,0,0,1012,0,0.0
2026-01-15 22:51:57,POWAI,19.1197,72.9051,5,95.62,115.22,2.32,24.29,144.37,397.76,293.97,78,0,0,1012,0,0.0
2026-01-15 22:51:57,DADAR,19.0176,72.8562,5,95.62,115.22,2.32,24.29,144.37,397.76,294.13,78,0,0,1012,0,0.0
2026-01-15 22:51:57,COLABA,18.9067,72.8147,5,89.07,109.34,1.91,21.2,143.12,365.21,294.14,53,4.7,14,1012,0,0.0
2026-01-15 22:51:57,BORIVALI_W,19.2307,72.8567,5,104.63,124.48,3.03,26.55,144.38,441.66,294.09,78,0,0,1012,0,0.0
2026-01-15 22:51:57,MULUND_E,19.1726,72.957,5,95.62,115.22,2.32,24.29,144.37,397.76,294.11,78,0,0,1012,0,0.0
2026-01-15 22:51:57,ULHASNAGAR,19.216,73.151,5,130.95,154.68,5.2,34.25,135.65,593.54,293.68,36,0.99,58,1013,0,0.0
2026-01-15 23:11:38,CHEMBUR,19.051,72.894,5,95.62,115.22,2.32,24.29,144.37,397.76,294.13,78,0,0,1012,0,0.0
2026-01-15 23:11:38,ANDHERI_E,19.1136,72.8697,5,95.62,115.22,2.32,24.29,144.37,397.76,294.09,78,0,0,1012,0,0.0
2026-01-15 23:11:38,POWAI,19.1197,72.9051,5,95.62,115.22,2.32,24.29,144.37,397.76,293.97,78,0,0,1012,0,0.0
2026-01-15 23:11:38,DADAR,19.0176,72.8562,5,95.62,115.22,2.32,24.29,144.37,397.76,294.13,78,0,0,1012,0,0.0
2026-01-15 23:11:38,COLABA,18.9067,72.8147,5,89.07,109.34,1.91,21.2,143.12,365.21,294.14,53,4.7,14,1012,0,0.0
2026-01-15 23:11:38,BORIVALI_W,19.2307,72.8567,5,104.63,124.48,3.03,26.55,144.38,441.66,294.09,78,0,0,1012,0,0.0
2026-01-15 23:11:38,MULUND_E,19.1726,72.957,5,95.62,115.22,2.32,24.29,144.37,397.76,294.11,78,0,0,1012,0,0.0
2026-01-15 23:11:38,ULHASNAGAR,19.216,73.151,5,130.95,154.68,5.2,34.25,135.65,593.54,293.68,36,0.99,58,1013,0,0.0
2026-01-15 23:33:06,CHEMBUR,19.051,72.894,5,98.12,117.11,2.33,25.98,143.01,411.95,294.13,78,0,0,1013,0,0.0
2026-01-15 23:33:06,ANDHERI_E,19.1136,72.8697,5,98.12,117.11,2.33,25.98,143.01,411.95,294.09,78,0,0,1013,0,0.0
2026-01-15 23:33:06,POWAI,19.1197,72.9051,5,98.12,117.11,2.33,25.98,143.01,411.95,293.97,78,0,0,1013,0,0.0
2026-01-15 23:33:06,DADAR,19.0176,72.8562,5,98.12,117.11,2.33,25.98,143.01,411.95,294.13,78,0,0,1013,0,0.0
2026-01-15 23:33:06,COLABA,18.9067,72.8147,5,90.49,110.11,1.92,22.51,141.67,376.1,294.14,50,4.35,13,1012,0,0.0
2026-01-15 23:33:06,BORIVALI_W,19.2307,72.8567,5,104.87,123.99,3,27.08,142.3,445.45,294.09,78,0,0,1013,0,0.0
2026-01-15 23:33:06,MULUND_E,19.1726,72.957,5,98.12,117.11,2.33,25.98,143.01,411.95,294.11,78,0,0,1013,0,0.0
2026-01-15 23:33:06,ULHASNAGAR,19.216,73.151,5,131.25,153.85,5.12,35.2,133.93,592.61,293.38,36,1.26,31,1013,0,0.0
2026-01-15 23:46:23,CHEMBUR,19.051,72.894,5,98.12,117.11,2.33,25.98,143.01,411.95,294.13,73,0,0,1013,0,0.0
2026-01-15 23:46:23,ANDHERI_E,19.1136,72.8697,5,98.12,117.11,2.33,25.98,143.01,411.95,294.09,73,0,0,1013,0,0.0
2026-01-15 23:46:23,POWAI,19.1197,72.9051,5,98.12,117.11,2.33,25.98,143.01,411.95,293.97,73,0,0,1013,0,0.0
2026-01-15 23:46:23,DADAR,19.0176,72.8562,5,98.12,117.11,2.33,25.98,143.01,411.95,294.13,73,0,0,1013,0,0.0
2026-01-15 23:46:23,COLABA,18.9067,72.8147,5,90.49,110.11,1.92,22.51,141.67,376.1,294.14,50,4.35,13,1012,0,0.0
2026-01-15 23:46:23,BORIVALI_W,19.2307,72.8567,5,104.87,123.99,3,27.08,142.3,445.45,294.09,73,0,0,1013,0,0.0
2026-01-15 23:46:23,MULUND_E,19.1726,72.957,5,98.12,117.11,2.33,25.98,143.01,411.95,294.11,73,0,0,1013,0,0.0
2026-01-15 23:46:23,ULHASNAGAR,19.216,73.151,5,131.25,153.85,5.12,35.2,133.93,592.61,293.38,36,1.26,31,1013,0,0.0
2026-01-16 00:55:16,CHEMBUR,19.051,72.894,5,100.03,118.47,2.39,27.26,140.78,423.08,294.13,73,0,0,1013,0,0.0
2026-01-16 00:55:16,ANDHERI_E,19.1136,72.8697,5,100.03,118.47,2.39,27.26,140.78,423.08,294.09,73,0,0,1013,0,0.0
2026-01-16 00:55:16,POWAI,19.1197,72.9051,5,100.03,118.47,2.39,27.26,140.78,423.08,293.97,73,0,0,1013,0,0.0
2026-01-16 00:55:16,DADAR,19.0176,72.8562,5,100.03,118.47,2.39,27.26,140.78,423.08,294.13,73,0,0,1013,0,0.0
2026-01-16 00:55:16,COLABA,18.9067,72.8147,5,91.71,110.69,1.96,23.73,139.34,385.8,294.14,48,3.53,17,1013,0,0.0
2026-01-16 00:55:16,BORIVALI_W,19.2307,72.8567,5,104.24,122.48,3.12,27.54,139.56,446.07,294.09,73,0,0,1013,0,0.0
2026-01-16 00:55:16,MULUND_E,19.1726,72.957,5,100.03,118.47,2.39,27.26,140.78,423.08,294.11,73,0,0,1013,0,0.0
2026-01-16 00:55:16,ULHASNAGAR,19.216,73.151,5,130.26,151.31,5.34,36.2,131.75,587.03,293.13,37,1.35,44,1013,0,0.0
2026-01-16 02:54:23,CHEMBUR,19.051,72.894,5,104.77,123.57,3.22,26.94,136.09,444.18,295.13,73,2.57,120,1015,20,0.0
2026-01-16 02:54:23,ANDHERI_E,19.1136,72.8697,5,104.77,123.57,3.22,26.94,136.09,444.18,295.09,73,2.57,120,1015,20,0.0
2026-01-16 02:54:23,POWAI,19.1197,72.9051,5,104.77,123.57,3.22,26.94,136.09,444.18,294.97,73,2.57,120,1015,20,0.0
2026-01-16 02:54:23,DADAR,19.0176,72.8562,5,104.77,123.57,3.22,26.94,136.09,444.18,295.13,73,2.57,120,1015,20,0.0
2026-01-16 02:54:23,COLABA,18.9067,72.8147,5,98.06,117.45,2.66,24.83,136.11,414.62,295.14,44,3,52,1014,2,0.0
2026-01-16 02:54:23,BORIVALI_W,19.2307,72.8567,5,105.72,123.99,4.4,26.24,133.8,460.84,293.04,77,2.57,120,1015,20,0.0
2026-01-16 02:54:23,MULUND_E,19.1726,72.957,5,104.77,123.57,3.22,26.94,136.09,444.18,295.11,73,2.57,120,1015,20,0.0
2026-01-16 02:54:23,ULHASNAGAR,19.216,73.151,5,130.32,150.91,7.55,34.36,124.78,598.15,295.28,34,1.38,65,1015,1,0.0
2026-01-16 03:58:08,CHEMBUR,19.051,72.894,5,108.44,126.79,4.06,25.73,136.43,458.51,297.13,57,4.12,130,1015,20,0.0
2026-01-16 03:58:08,ANDHERI_E,19.1136,72.8697,5,108.44,126.79,4.06,25.73,136.43,458.51,297.09,57,4.12,130,1015,20,0.0
2026-01-16 03:58:08,POWAI,19.1197,72.9051,5,108.44,126.79,4.06,25.73,136.43,458.51,296.97,57,4.12,130,1015,20,0.0
2026-01-16 03:58:08,DADAR,19.0176,72.8562,5,108.44,126.79,4.06,25.73,136.43,458.51,297.13,57,4.12,130,1015,20,0.0
2026-01-16 03:58:08,COLABA,18.9067,72.8147,5,103.14,122.4,3.36,24.52,136.86,433.66,297.14,44,2.84,60,1015,2,0.0
2026-01-16 03:58:08,BORIVALI_W,19.2307,72.8567,5,109.39,127.37,5.42,25.48,134.16,480.18,297.04,69,4.12,130,1015,20,0.0
2026-01-16 03:58:08,MULUND_E,19.1726,72.957,5,108.44,126.79,4.06,25.73,136.43,458.51,297.11,57,4.12,130,1015,20,0.0
2026-01-16 03:58:08,ULHASNAGAR,19.216,73.151,5,134.1,154.65,9.34,33.2,125.9,622.93,298.28,30,1.92,62,1015,2,0.0
2026-01-16 04:38:11,CHEMBUR,19.051,72.894,5,115.5,133.5,4.42,24.56,144.64,479.08,300.13,47,2.57,120,1015,20,0.0
2026-01-16 04:38:11,ANDHERI_E,19.1136,72.8697,5,115.5,133.5,4.42,24.56,144.64,479.08,300.09,47,2.57,120,1015,20,0.0
2026-01-16 04:38:11,POWAI,19.1197,72.9051,5,115.5,133.5,4.42,24.56,144.64,479.08,299.97,47,2.57,120,1015,20,0.0
2026-01-16 04:38:11,DADAR,19.0176,72.8562,5,115.5,133.5,4.42,24.56,144.64,479.08,300.13,47,2.57,120,1015,20,0.0
2026-01-16 04:38:11,COLABA,18.9067,72.8147,5,111.48,130.71,3.66,23.91,144.42,456.85,300.14,43,2.61,56,1015,2,0.0
2026-01-16 04:38:11,BORIVALI_W,19.2307,72.8567,5,117.67,135.58,5.93,25.05,142.53,509.57,299.04,53,2.57,120,1015,20,0.0
2026-01-16 04:38:11,MULUND_E,19.1726,72.957,5,115.5,133.5,4.42,24.56,144.64,479.08,300.11,47,2.57,120,1015,20,0.0
2026-01-16 04:38:11,ULHASNAGAR,19.216,73.151,5,143.59,164.66,10.26,32.54,138.57,659.41,301.31,26,2.23,63,1015,2,0.0
2026-01-16 05:01:05,CHEMBUR,19.051,72.894,5,115.5,133.5,4.42,24.56,144.64,479.08,300.13,47,2.57,120,1015,20,0.0
2026-01-16 05:01:05,ANDHERI_E,19.1136,72.8697,5,115.5,133.5,4.42,24.56,144.64,479.08,300.09,47,2.57,120,1015,20,0.0
2026-01-16 05:01:05,POWAI,19.1197,72.9051,5,115.5,133.5,4.42,24.56,144.64,479.08,299.97,47,2.57,120,1015,20,0.0
2026-01-16 05:01:05,DADAR,19.0176,72.8562,5,115.5,133.5,4.42,24.56,144.64,479.08,300.13,47,2.57,120,1015,20,0.0
2026-01-16 05:01:05,COLABA,18.9067,72.8147,5,111.48,130.71,3.66,23.91,144.42,456.85,300.14,43,2.61,56,1015,2,0.0
2026-01-16 05:01:05,BORIVALI_W,19.2307,72.8567,5,117.67,135.58,5.93,25.05,142.53,509.57,299.04,53,2.57,120,1015,20,0.0
2026-01-16 05:01:05,MULUND_E,19.1726,72.957,5,115.5,133.5,4.42,24.56,144.64,479.08,300.11,47,2.57,120,1015,20,0.0
2026-01-16 05:01:05,ULHASNAGAR,19.216,73.151,5,143.59,164.66,10.26,32.54,138.57,659.41,301.31,26,2.23,63,1015,2,0.0
2026-01-16 05:42:18,CHEMBUR,19.051,72.894,5,125.76,143.32,4.02,23.65,159.39,498.22,303.13,39,2.06,180,1014,2,0.0
2026-01-16 05:42:18,ANDHERI_E,19.1136,72.8697,5,125.76,143.32,4.02,23.65,159.39,498.22,303.09,39,2.06,180,1014,1,0.0
2026-01-16 05:42:18,POWAI,19.1197,72.9051,5,125.76,143.32,4.02,23.65,159.39,498.22,302.97,39,2.06,180,1014,2,0.0
2026-01-16 05:42:18,DADAR,19.0176,72.8562,5,125.76,143.32,4.02,23.65,159.39,498.22,303.13,39,2.06,180,1014,2,0.0
2026-01-16 05:42:18,COLABA,18.9067,72.8147,5,122.35,141.32,3.34,23.12,157.75,477.67,303.14,43,1.29,13,1014,2,0.0
2026-01-16 05:42:18,BORIVALI_W,19.2307,72.8567,5,130.08,147.78,5.58,25.01,158.58,536.83,300.04,57,2.06,180,1014,1,0.0
2026-01-16 05:42:18,MULUND_E,19.1726,72.957,5,125.76,143.32,4.02,23.65,159.39,498.22,303.11,39,2.06,180,1014,2,0.0
2026-01-16 05:42:18,ULHASNAGAR,19.216,73.151,5,159.18,180.52,9.66,32.5,163.22,690.57,304.04,23,2.09,68,1014,1,0.0
2026-01-16 06:18:54,CHEMBUR,19.051,72.894,5,125.76,143.32,4.02,23.65,159.39,498.22,303.13,54,2.57,240,1015,2,0.0
2026-01-16 06:18:54,ANDHERI_E,19.1136,72.8697,5,125.76,143.32,4.02,23.65,159.39,498.22,303.09,54,2.57,240,1015,1,0.0
2026-01-16 06:18:54,POWAI,19.1197,72.9051,5,125.76,143.32,4.02,23.65,159.39,498.22,302.97,54,2.57,240,1015,2,0.0
2026-01-16 06:18:54,DADAR,19.0176,72.8562,5,125.76,143.32,4.02,23.65,159.39,498.22,303.13,54,2.57,240,1015,2,0.0
2026-01-16 06:18:54,COLABA,18.9067,72.8147,5,122.35,141.32,3.34,23.12,157.75,477.67,303.14,44,1.29,13,1015,2,0.0
2026-01-16 06:18:54,BORIVALI_W,19.2307,72.8567,5,130.08,147.78,5.58,25.01,158.58,536.83,300.04,61,2.57,240,1015,1,0.0
2026-01-16 06:18:54,MULUND_E,19.1726,72.957,5,125.76,143.32,4.02,23.65,159.39,498.22,303.11,54,2.57,240,1015,2,0.0
2026-01-16 06:18:54,ULHASNAGAR,19.216,73.151,5,159.18,180.52,9.66,32.5,163.22,690.57,303.75,26,2.09,68,1015,1,0.0
2026-01-16 06:52:11,CHEMBUR,19.051,72.894,5,137.85,155.53,2.88,22.47,178.88,510.65,304.13,40,2.57,230,1014,0,0.0
2026-01-16 06:52:11,ANDHERI_E,19.1136,72.8697,5,137.85,155.53,2.88,22.47,178.88,510.65,304.09,40,2.57,230,1014,0,0.0
2026-01-16 06:52:11,POWAI,19.1197,72.9051,5,137.85,155.53,2.88,22.47,178.88,510.65,303.97,40,2.57,230,1014,0,0.0
2026-01-16 06:52:11,DADAR,19.0176,72.8562,5,137.85,155.53,2.88,22.47,178.88,510.65,304.13,40,2.57,230,1014,0,0.0
2026-01-16 06:52:11,COLABA,18.9067,72.8147,5,133.93,152.85,2.45,21.83,174.71,489.41,304.14,46,2.66,317,1014,2,0.0
2026-01-16 06:52:11,BORIVALI_W,19.2307,72.8567,5,144.42,162.21,4.22,24.42,179.87,552.8,300.04,61,2.57,230,1014,0,0.0
2026-01-16 06:52:11,MULUND_E,19.1726,72.957,5,137.85,155.53,2.88,22.47,178.88,510.65,304.11,40,2.57,230,1014,0,0.0
2026-01-16 06:52:11,ULHASNAGAR,19.216,73.151,5,179.4,200.74,7.21,31.81,198.01,707.83,305.64,24,0.68,73,1013,0,0.0
2026-01-16 07:16:40,CHEMBUR,19.051,72.894,5,137.85,155.53,2.88,22.47,178.88,510.65,303.13,48,4.63,280,1014,0,0.0
2026-01-16 07:16:40,ANDHERI_E,19.1136,72.8697,5,137.85,155.53,2.88,22.47,178.88,510.65,303.09,48,4.63,280,1014,0,0.0
2026-01-16 07:16:40,POWAI,19.1197,72.9051,5,137.85,155.53,2.88,22.47,178.88,510.65,302.97,48,4.63,280,1014,0,0.0
2026-01-16 07:16:40,DADAR,19.0176,72.8562,5,137.85,155.53,2.88,22.47,178.88,510.65,303.13,48,4.63,280,1014,0,0.0
2026-01-16 07:16:40,COLABA,18.9067,72.8147,5,133.93,152.85,2.45,21.83,174.71,489.41,303.14,46,2.66,317,1014,2,0.0
2026-01-16 07:16:40,BORIVALI_W,19.2307,72.8567,5,144.42,162.21,4.22,24.42,179.87,552.8,300.04,61,4.63,280,1014,0,0.0
2026-01-16 07:16:40,MULUND_E,19.1726,72.957,5,137.85,155.53,2.88,22.47,178.88,510.65,303.11,48,4.63,280,1014,0,0.0
2026-01-16 07:16:40,ULHASNAGAR,19.216,73.151,5,179.4,200.74,7.21,31.81,198.01,707.83,305.64,24,0.68,73,1013,0,0.0
2026-01-16 07:39:06,CHEMBUR,19.051,72.894,5,147.97,165.88,1.97,21.02,194.88,512.8,303.13,48,4.63,270,1013,0,0.0
2026-01-16 07:39:06,ANDHERI_E,19.1136,72.8697,5,147.97,165.88,1.97,21.02,194.88,512.8,303.09,48,4.63,270,1013,0,0.0
2026-01-16 07:39:06,POWAI,19.1197,72.9051,5,147.97,165.88,1.97,21.02,194.88,512.8,302.97,48,4.63,270,1013,0,0.0
2026-01-16 07:39:06,DADAR,19.0176,72.8562,5,147.97,165.88,1.97,21.02,194.88,512.8,303.13,48,4.63,270,1013,0,0.0
2026-01-16 07:39:06,COLABA,18.9067,72.8147,5,143.45,162.43,1.74,20.28,188.99,491.82,303.14,49,5.17,307,1013,2,0.0
2026-01-16 07:39:06,BORIVALI_W,19.2307,72.8567,5,156.13,174.05,2.9,23.22,197.9,557.23,300.04,61,4.63,270,1013,0,0.0
2026-01-16 07:39:06,MULUND_E,19.1726,72.957,5,147.97,165.88,1.97,21.02,194.88,512.8,303.11,48,4.63,270,1012,0,0.0
2026-01-16 07:39:06,ULHASNAGAR,19.216,73.151,5,196.71,217.87,4.79,30.28,228.79,712.47,306.15,23,1.41,256,1012,0,0.0
2026-01-16 07:49:49,CHEMBUR,19.051,72.894,5,147.97,165.88,1.97,21.02,194.88,512.8,303.13,48,4.63,270,1013,0,0.0
2026-01-16 07:49:49,ANDHERI_E,19.1136,72.8697,5,147.97,165.88,1.97,21.02,194.88,512.8,303.09,48,4.63,270,1013,0,0.0
2026-01-16 07:49:49,POWAI,19.1197,72.9051,5,147.97,165.88,1.97,21.02,194.88,512.8,302.97,48,4.63,270,1013,0,0.0
2026-01-16 07:49:49,DADAR,19.0176,72.8562,5,147.97,165.88,1.97,21.02,194.88,512.8,303.13,48,4.63,270,1013,0,0.0
2026-01-16 07:49:49,COLABA,18.9067,72.8147,5,143.45,162.43,1.74,20.28,188.99,491.82,303.14,49,5.17,307,1013,2,0.0
2026-01-16 07:49:49,BORIVALI_W,19.2307,72.8567,5,156.13,174.05,2.9,23.22,197.9,557.23,300.04,61,4.63,270,1013,0,0.0
2026-01-16 07:49:49,MULUND_E,19.1726,72.957,5,147.97,165.88,1.97,21.02,194.88,512.8,303.11,48,4.63,270,1012,0,0.0
2026-01-16 07:49:49,ULHASNAGAR,19.216,73.151,5,196.71,217.87,4.79,30.28,228.79,712.47,306.15,23,1.41,256,1012,0,0.0
2026-01-16 08:16:35,CHEMBUR,19.051,72.894,5,147.97,165.88,1.97,21.02,194.88,512.8,302.13,54,5.14,280,1013,0,0.0
2026-01-16 08:16:35,ANDHERI_E,19.1136,72.8697,5,147.97,165.88,1.97,21.02,194.88,512.8,302.09,54,5.14,280,1013,0,0.0
2026-01-16 08:16:35,POWAI,19.1197,72.9051,5,147.97,165.88,1.97,21.02,194.88,512.8,301.97,54,5.14,280,1013,0,0.0
2026-01-16 08:16:35,DADAR,19.0176,72.8562,5,147.97,165.88,1.97,21.02,194.88,512.8,302.13,54,5.14,280,1013,0,0.0
2026-01-16 08:16:35,COLABA,18.9067,72.8147,5,143.45,162.43,1.74,20.28,188.99,491.82,302.14,49,5.17,307,1013,2,0.0
2026-01-16 08:16:35,BORIVALI_W,19.2307,72.8567,5,156.13,174.05,2.9,23.22,197.9,557.23,301.04,61,5.14,280,1013,0,0.0
2026-01-16 08:16:35,MULUND_E,19.1726,72.957,5,147.97,165.88,1.97,21.02,194.88,512.8,302.11,54,5.14,280,1012,0,0.0
2026-01-16 08:16:35,ULHASNAGAR,19.216,73.151,5,196.71,217.87,4.79,30.28,228.79,712.47,306.15,23,1.41,256,1012,0,0.0
2026-01-16 08:46:59,CHEMBUR,19.051,72.894,5,152.91,170.27,1.57,19.53,205.54,504.34,302.13,54,4.63,270,1012,0,0.0
2026-01-16 08:46:59,ANDHERI_E,19.1136,72.8697,5,152.91,170.27,1.57,19.53,205.54,504.34,302.09,54,4.63,270,1012,0,0.0
2026-01-16 08:46:59,POWAI,19.1197,72.9051,5,152.91,170.27,1.57,19.53,205.54,504.34,301.97,54,4.63,270,1012,0,0.0
2026-01-16 08:46:59,DADAR,19.0176,72.8562,5,152.91,170.27,1.57,19.53,205.54,504.34,302.13,54,4.63,270,1012,0,0.0
2026-01-16 08:46:59,COLABA,18.9067,72.8147,5,148.36,166.78,1.43,18.72,198.88,485.51,302.14,55,5.9,309,1012,1,0.0
2026-01-16 08:46:59,BORIVALI_W,19.2307,72.8567,5,161.7,178.95,2.25,21.96,209.35,550.32,301.04,61,4.63,270,1012,0,0.0
2026-01-16 08:46:59,MULUND_E,19.1726,72.957,5,152.91,170.27,1.57,19.53,205.54,504.34,302.11,54,4.63,270,1011,0,0.0
2026-01-16 08:46:59,ULHASNAGAR,19.216,73.151,5,204.03,224.16,3.57,28.63,247.64,699.38,306.43,22,3.11,271,1011,0,0.0
2026-01-16 09:16:52,CHEMBUR,19.051,72.894,5,152.91,170.27,1.57,19.53,205.54,504.34,302.13,51,4.12,280,1012,0,0.0
2026-01-16 09:16:52,ANDHERI_E,19.1136,72.8697,5,152.91,170.27,1.57,19.53,205.54,504.34,302.09,51,4.12,280,1012,0,0.0
2026-01-16 09:16:52,POWAI,19.1197,72.9051,5,152.91,170.27,1.57,19.53,205.54,504.34,301.97,51,4.12,280,1012,0,0.0
2026-01-16 09:16:52,DADAR,19.0176,72.8562,5,152.91,170.27,1.57,19.53,205.54,504.34,302.13,51,4.12,280,1012,0,0.0
2026-01-16 09:16:52,COLABA,18.9067,72.8147,5,148.36,166.78,1.43,18.72,198.88,485.51,302.14,55,5.9,309,1012,1,0.0
2026-01-16 09:16:52,BORIVALI_W,19.2307,72.8567,5,161.7,178.95,2.25,21.96,209.35,550.32,301.04,61,4.12,280,1012,0,0.0
2026-01-16 09:16:52,MULUND_E,19.1726,72.957,5,152.91,170.27,1.57,19.53,205.54,504.34,302.11,51,4.12,280,1011,0,0.0
2026-01-16 09:16:52,ULHASNAGAR,19.216,73.151,5,204.03,224.16,3.57,28.63,247.64,699.38,306.43,22,3.11,271,1011,0,0.0
2026-01-16 09:42:26,CHEMBUR,19.051,72.894,5,149.54,165.73,1.43,17.64,208.67,477,302.13,54,4.63,270,1011,1,0.0
2026-01-16 09:42:26,ANDHERI_E,19.1136,72.8697,5,149.54,165.73,1.43,17.64,208.67,477,302.09,54,4.63,270,1011,1,0.0
2026-01-16 09:42:26,POWAI,19.1197,72.9051,5,149.54,165.73,1.43,17.64,208.67,477,301.97,54,4.63,270,1011,1,0.0
2026-01-16 09:42:26,DADAR,19.0176,72.8562,5,149.54,165.73,1.43,17.64,208.67,477,302.13,54,4.63,270,1011,1,0.0
2026-01-16 09:42:26,COLABA,18.9067,72.8147,5,145.62,162.93,1.33,16.83,202.73,461.73,302.14,59,6.12,311,1011,0,0.0
2026-01-16 09:42:26,BORIVALI_W,19.2307,72.8567,5,158.46,174.46,2.05,20.21,212.48,523.83,300.04,69,4.63,270,1011,1,0.0
2026-01-16 09:42:26,MULUND_E,19.1726,72.957,5,149.54,165.73,1.43,17.64,208.67,477,302.11,54,4.63,270,1011,1,0.0
2026-01-16 09:42:26,ULHASNAGAR,19.216,73.151,5,197.86,216.36,3.19,26.27,251.3,657.68,305.86,22,4.35,275,1011,0,0.0
2026-01-16 10:12:55,CHEMBUR,19.051,72.894,5,149.54,165.73,1.43,17.64,208.67,477,302.13,54,4.63,280,1011,1,0.0
2026-01-16 10:12:55,ANDHERI_E,19.1136,72.8697,5,149.54,165.73,1.43,17.64,208.67,477,302.09,54,4.63,280,1011,1,0.0
2026-01-16 10:12:55,POWAI,19.1197,72.9051,5,149.54,165.73,1.43,17.64,208.67,477,301.97,54,4.63,280,1011,1,0.0
2026-01-16 10:12:55,DADAR,19.0176,72.8562,5,149.54,165.73,1.43,17.64,208.67,477,302.13,54,4.63,280,1011,1,0.0
2026-01-16 10:12:55,COLABA,18.9067,72.8147,5,145.62,162.93,1.33,16.83,202.73,461.73,302.14,59,6.12,311,1011,0,0.0
2026-01-16 10:12:55,BORIVALI_W,19.2307,72.8567,5,158.46,174.46,2.05,20.21,212.48,523.83,300.04,69,4.63,280,1011,1,0.0
2026-01-16 10:12:55,MULUND_E,19.1726,72.957,5,149.54,165.73,1.43,17.64,208.67,477,302.11,54,4.63,280,1011,1,0.0
2026-01-16 10:12:55,ULHASNAGAR,19.216,73.151,5,197.86,216.36,3.19,26.27,251.3,657.68,305.86,22,4.35,275,1011,0,0.0
2026-01-16 10:43:37,CHEMBUR,19.051,72.894,5,137.8,153.36,1.38,15.41,201.58,434.34,302.13,54,4.63,280,1011,3,0.0
2026-01-16 10:43:37,ANDHERI_E,19.1136,72.8697,5,137.8,153.36,1.38,15.41,201.58,434.34,302.09,54,4.63,280,1011,2,0.0
2026-01-16 10:43:37,POWAI,19.1197,72.9051,5,137.8,153.36,1.38,15.41,201.58,434.34,301.97,54,4.63,280,1011,3,0.0
2026-01-16 10:43:37,DADAR,19.0176,72.8562,5,137.8,153.36,1.38,15.41,201.58,434.34,302.13,54,4.63,280,1011,3,0.0
2026-01-16 10:43:37,COLABA,18.9067,72.8147,5,134.86,151.41,1.3,14.57,197.27,422.63,302.14,61,6.47,310,1011,1,0.0
2026-01-16 10:43:37,BORIVALI_W,19.2307,72.8567,5,147.29,162.5,2.06,17.86,205.28,481.58,300.04,69,4.63,280,1011,1,0.0
2026-01-16 10:43:37,MULUND_E,19.1726,72.957,5,137.8,153.36,1.38,15.41,201.58,434.34,302.11,54,4.63,280,1011,3,0.0
2026-01-16 10:43:37,ULHASNAGAR,19.216,73.151,5,180.09,197.68,3.16,22.88,237.75,592.45,304.79,24,4.87,275,1011,3,0.0
2026-01-16 11:11:21,CHEMBUR,19.051,72.894,5,137.8,153.36,1.38,15.41,201.58,434.34,301.13,57,4.12,270,1011,3,0.0
2026-01-16 11:11:21,ANDHERI_E,19.1136,72.8697,5,137.8,153.36,1.38,15.41,201.58,434.34,301.09,57,4.12,270,1011,2,0.0
2026-01-16 11:11:21,POWAI,19.1197,72.9051,5,137.8,153.36,1.38,15.41,201.58,434.34,300.97,57,4.12,270,1011,3,0.0
2026-01-16 11:11:21,DADAR,19.0176,72.8562,5,137.8,153.36,1.38,15.41,201.58,434.34,301.13,57,4.12,270,1011,3,0.0
2026-01-16 11:11:21,COLABA,18.9067,72.8147,5,134.86,151.41,1.3,14.57,197.27,422.63,301.14,61,6.47,310,1011,1,0.0
2026-01-16 11:11:21,BORIVALI_W,19.2307,72.8567,5,147.29,162.5,2.06,17.86,205.28,481.58,300.04,69,4.12,270,1011,1,0.0
2026-01-16 11:11:21,MULUND_E,19.1726,72.957,5,137.8,153.36,1.38,15.41,201.58,434.34,301.11,57,4.12,270,1011,3,0.0
2026-01-16 11:11:21,ULHASNAGAR,19.216,73.151,5,180.09,197.68,3.16,22.88,237.75,592.45,304.79,24,4.87,275,1011,3,0.0
2026-01-16 11:32:35,CHEMBUR,19.051,72.894,5,124.19,139.06,1.38,13.49,189.66,393.14,301.13,57,4.12,270,1011,3,0.0
2026-01-16 11:32:35,ANDHERI_E,19.1136,72.8697,5,124.19,139.06,1.38,13.49,189.66,393.14,301.09,57,4.12,270,1011,2,0.0
2026-01-16 11:32:35,POWAI,19.1197,72.9051,5,124.19,139.06,1.38,13.49,189.66,393.14,300.97,57,4.12,270,1011,2,0.0
2026-01-16 11:32:35,DADAR,19.0176,72.8562,5,124.19,139.06,1.38,13.49,189.66,393.14,301.13,57,4.12,270,1011,2,0.0
2026-01-16 11:32:35,COLABA,18.9067,72.8147,5,121.54,137.36,1.31,12.59,186.87,383.11,301.14,63,6.92,314,1011,1,0.0
2026-01-16 11:32:35,BORIVALI_W,19.2307,72.8567,5,134.18,148.75,2.22,15.7,193.15,439.84,300.04,69,4.12,270,1011,1,0.0
2026-01-16 11:32:35,MULUND_E,19.1726,72.957,5,124.19,139.06,1.38,13.49,189.66,393.14,301.11,57,4.12,270,1011,2,0.0
2026-01-16 11:32:35,ULHASNAGAR,19.216,73.151,5,160.02,176.62,3.38,19.59,216.61,529.31,302.89,27,3.96,278,1011,2,0.0
2026-01-16 11:46:50,CHEMBUR,19.051,72.894,5,124.19,139.06,1.38,13.49,189.66,393.14,301.13,57,4.12,290,1011,3,0.0
2026-01-16 11:46:50,ANDHERI_E,19.1136,72.8697,5,124.19,139.06,1.38,13.49,189.66,393.14,301.09,57,4.12,290,1011,2,0.0
2026-01-16 11:46:50,POWAI,19.1197,72.9051,5,124.19,139.06,1.38,13.49,189.66,393.14,300.97,57,4.12,290,1011,2,0.0
2026-01-16 11:46:50,DADAR,19.0176,72.8562,5,124.19,139.06,1.38,13.49,189.66,393.14,301.13,57,4.12,290,1011,2,0.0
2026-01-16 11:46:50,COLABA,18.9067,72.8147,5,121.54,137.36,1.31,12.59,186.87,383.11,301.14,63,6.92,314,1011,1,0.0
2026-01-16 11:46:50,BORIVALI_W,19.2307,72.8567,5,134.18,148.75,2.22,15.7,193.15,439.84,300.04,74,4.12,290,1011,1,0.0
2026-01-16 11:46:50,MULUND_E,19.1726,72.957,5,124.19,139.06,1.38,13.49,189.66,393.14,301.11,57,4.12,290,1011,2,0.0
2026-01-16 11:46:50,ULHASNAGAR,19.216,73.151,5,160.02,176.62,3.38,19.59,216.61,529.31,302.89,27,3.96,278,1011,2,0.0
2026-01-16 12:21:43,CHEMBUR,19.051,72.894,5,124.19,139.06,1.38,13.49,189.66,393.14,301.13,61,4.63,280,1011,3,0.0
2026-01-16 12:21:43,ANDHERI_E,19.1136,72.8697,5,124.19,139.06,1.38,13.49,189.66,393.14,301.09,61,4.63,280,1011,2,0.0
2026-01-16 12:21:43,POWAI,19.1197,72.9051,5,124.19,139.06,1.38,13.49,189.66,393.14,300.97,61,4.63,280,1011,2,0.0
2026-01-16 12:21:43,DADAR,19.0176,72.8562,5,124.19,139.06,1.38,13.49,189.66,393.14,301.13,61,4.63,280,1011,2,0.0
2026-01-16 12:21:43,COLABA,18.9067,72.8147,5,121.54,137.36,1.31,12.59,186.87,383.11,301.14,63,6.92,314,1011,1,0.0
2026-01-16 12:21:43,BORIVALI_W,19.2307,72.8567,5,134.18,148.75,2.22,15.7,193.15,439.84,299.04,73,4.63,280,1011,1,0.0
2026-01-16 12:21:43,MULUND_E,19.1726,72.957,5,124.19,139.06,1.38,13.49,189.66,393.14,301.11,61,4.63,280,1011,2,0.0
2026-01-16 12:21:43,ULHASNAGAR,19.216,73.151,5,160.02,176.62,3.38,19.59,216.61,529.31,302.89,27,3.96,278,1011,2,0.0
2026-01-16 13:22:41,CHEMBUR,19.051,72.894,5,102.51,116.48,1.2,12.26,173.01,345.4,299.12,69,4.12,290,1012,0,0.0
2026-01-16 13:22:41,ANDHERI_E,19.1136,72.8697,5,102.51,116.48,1.2,12.26,173.01,345.4,299.09,69,4.12,290,1012,1,0.0
2026-01-16 13:22:41,POWAI,19.1197,72.9051,5,102.51,116.48,1.2,12.26,173.01,345.4,298.97,69,4.12,290,1012,1,0.0
2026-01-16 13:22:41,DADAR,19.0176,72.8562,5,102.51,116.48,1.2,12.26,173.01,345.4,299.13,69,4.12,290,1012,0,0.0
2026-01-16 13:22:41,COLABA,18.9067,72.8147,5,98.89,113.19,1.17,11.4,170.56,333.6,299.14,64,6.61,323,1012,0,0.0
2026-01-16 13:22:41,BORIVALI_W,19.2307,72.8567,5,112.05,125.73,2.16,14.49,176.14,385.3,299.04,73,4.12,290,1012,2,0.0
2026-01-16 13:22:41,MULUND_E,19.1726,72.957,5,102.51,116.48,1.2,12.26,173.01,345.4,299.11,69,4.12,290,1012,0,0.0
2026-01-16 13:22:41,ULHASNAGAR,19.216,73.151,5,132.86,147.88,3.33,18.21,192.57,460.16,299.91,32,2.53,264,1011,0,0.0
2026-01-16 13:57:49,CHEMBUR,19.051,72.894,5,96.72,110.82,0.97,11.4,165.39,329.71,299.13,69,3.6,300,1013,0,0.0
2026-01-16 13:57:49,ANDHERI_E,19.1136,72.8697,5,96.72,110.82,0.97,11.4,165.39,329.71,299.09,69,3.6,300,1013,1,0.0
2026-01-16 13:57:49,POWAI,19.1197,72.9051,5,96.72,110.82,0.97,11.4,165.39,329.71,298.97,69,3.6,300,1013,0,0.0
2026-01-16 13:57:49,DADAR,19.0176,72.8562,5,96.72,110.82,0.97,11.4,165.39,329.71,299.13,69,3.6,300,1013,0,0.0
2026-01-16 13:57:49,COLABA,18.9067,72.8147,5,92.13,106.59,0.92,10.41,162.78,315.19,299.14,64,6.28,337,1013,0,0.0
2026-01-16 13:57:49,BORIVALI_W,19.2307,72.8567,5,107.28,121.17,1.89,13.58,168.12,372.82,299.09,69,3.6,300,1013,1,0.0
2026-01-16 13:57:49,MULUND_E,19.1726,72.957,5,96.72,110.82,0.97,11.4,165.39,329.71,299.11,69,3.6,300,1013,0,0.0
2026-01-16 13:57:49,ULHASNAGAR,19.216,73.151,5,124.91,140.32,2.95,16.81,178.69,441.7,298.57,36,2.29,265,1012,0,0.0
2026-01-16 14:20:14,CHEMBUR,19.051,72.894,5,96.72,110.82,0.97,11.4,165.39,329.71,299.13,73,3.6,320,1013,0,0.0
2026-01-16 14:20:14,ANDHERI_E,19.1136,72.8697,5,96.72,110.82,0.97,11.4,165.39,329.71,299.09,73,3.6,320,1013,1,0.0
2026-01-16 14:20:14,POWAI,19.1197,72.9051,5,96.72,110.82,0.97,11.4,165.39,329.71,298.97,73,3.6,320,1013,0,0.0
2026-01-16 14:20:14,DADAR,19.0176,72.8562,5,96.72,110.82,0.97,11.4,165.39,329.71,299.13,73,3.6,320,1013,0,0.0
2026-01-16 14:20:14,COLABA,18.9067,72.8147,5,92.13,106.59,0.92,10.41,162.78,315.19,299.14,64,6.28,337,1013,0,0.0
2026-01-16 14:20:14,BORIVALI_W,19.2307,72.8567,5,107.28,121.17,1.89,13.58,168.12,372.82,299.09,73,3.6,320,1013,1,0.0
2026-01-16 14:20:14,MULUND_E,19.1726,72.957,5,96.72,110.82,0.97,11.4,165.39,329.71,299.11,73,3.6,320,1013,0,0.0
2026-01-16 14:20:14,ULHASNAGAR,19.216,73.151,5,124.91,140.32,2.95,16.81,178.69,441.7,298.57,36,2.29,265,1012,0,0.0
2026-01-16 14:53:57,CHEMBUR,19.051,72.894,5,93.14,107.72,0.86,10.74,159.88,320.37,299.13,73,2.57,330,1013,0,0.0
2026-01-16 14:53:57,ANDHERI_E,19.1136,72.8697,5,93.14,107.72,0.86,10.74,159.88,320.37,299.09,73,2.57,330,1013,0,0.0
2026-01-16 14:53:57,POWAI,19.1197,72.9051,5,93.14,107.72,0.86,10.74,159.88,320.37,298.97,73,2.57,330,1013,0,0.0
2026-01-16 14:53:57,DADAR,19.0176,72.8562,5,93.14,107.72,0.86,10.74,159.88,320.37,299.13,73,2.57,330,1013,0,0.0
2026-01-16 14:53:57,COLABA,18.9067,72.8147,5,87.26,102.16,0.78,9.63,156.77,302.17,299.14,63,5.74,341,1013,0,0.0
2026-01-16 14:53:57,BORIVALI_W,19.2307,72.8567,5,104.13,118.56,1.77,12.86,162.26,365.28,299.09,73,2.57,330,1013,1,0.0
2026-01-16 14:53:57,MULUND_E,19.1726,72.957,5,93.14,107.72,0.86,10.74,159.88,320.37,299.11,73,2.57,330,1013,0,0.0
2026-01-16 14:53:57,ULHASNAGAR,19.216,73.151,5,119.7,136.09,2.83,15.69,168.39,431.36,297.7,39,1.27,290,1013,0,0.0
